Key,Spanish,French,English
Menu.Welcome,Bienvenido,Accueillir,Welcome
,,,
,,,
,,,
,,,
,,,
,,,
Login.Button.VincularDispositivo,Vincular licencia a este dispositivo,Lier la licence à cet appareil,Link license to this device
,,,
Login.Panel.AppCodeOlvidada,Escribe un correo  a infomarketing@fluidra.com solicitando la clave. Adjunta el nombre de tu empresa y el CIF para que podamos validar tu petición.,Envoyez un courriel à infomarketing@fluidra.com pour demander le mot de passe. Veuillez indiquer le nom de votre entreprise et votre numéro d'identification fiscale (CIF) afin que nous puissions valider votre demande.,Send an email to infomarketing@fluidra.com requesting the password. Include your company name and tax ID number (CIF) so we can validate your request.
,,,
,,,
Login.Panel.CreacionUsuario.Instrucciones,"En caso de no poder crear un usuario, contacte con infomarketing@fluidra.com","Si vous ne parvenez pas à créer un compte utilisateur, veuillez contacter infomarketing@fluidra.com","If you are unable to create a user account, please contact infomarketing@fluidra.com"
,,,
,,,
,,,
,,,
,,,
,,,
,,,
,,,
,,,
,,,
,,,
,,,
,,,
,,,
,,,
,,,
,,,
,,,
,,,
,,,
Login.SetPassword.Menu.Error,Error al actualizar la contraseña,Erreur lors de la mise à jour du mot de passe,Error updating password
,,,
,,,
,,,
,,,
,,,
,,,
Login.Panel.UsuarioCreado,"Su usuario ha sido creado, en cuanto vincule la licencia a su dispositivo,  ya podrá acceder a la aplicación.

En caso de tener algún problema con el acceso, contacte con infomarketing@fluidra.com","Votre compte utilisateur a été créé. Une fois la licence associée à votre appareil, vous pourrez accéder à l'application.

En cas de problème d'accès à l'application, veuillez contacter infomarketing@fluidra.com.","Your user account has been created. Once you link the license to your device, you will be able to access the application.

If you have any problems accessing the application, please contact infomarketing@fluidra.com"
Login.Panel.CambiarDispositivo.Title,Cambiar de dispositivo,Dispositif de commutation,Switch device
Login.Panel.CambiarDispositivo.Texto,Migrar la licencia liberará este usuario del anterior dispositivo y lo vinculará al actual. La migración debe realizarse solo en el caso que quiera vincular esta licencia de uso a otro dispositivo.,La migration de la licence libérera cet utilisateur de l'appareil précédent et l'associera à l'appareil actuel. La migration ne doit être effectuée que si vous souhaitez associer cette licence à un autre appareil.,Migrating the license will release this user from the previous device and link it to the current one. Migration should only be performed if you want to link this license to another device.
Login.Panel.CambiarDispositivo.Cambiado,La aplicación se ha vinculado a este dispositivo correctamente,L'application a été associée avec succès à cet appareil.,The app has been successfully linked to this device
Login.Input.ClaveActual,clave actual...,clé actuelle...,current key...
Login.Input.NuevaClave,nueva clave...,nouvelle clé...,new key...
Login.Input.RepetirNuevaClave,repetir nueva clave...,Répétez la nouvelle touche...,Repeat new key...
Login.Panel.Settings.CambiarClave.Title,Cambiar de clave,Changer le mot de passe,Change password
,,,
Login.Panel.Settings.Menu.Clave,Cambiar de clave,Changer le mot de passe,Change password
,,,
Login.Panel.Settings.Menu.Tutorial.Title,Tutorial de la aplicación:,Tutoriel d'application :,Application tutorial:
Login.Panel.Settings.ClaveCambiada,Clave cambiada correctamente.,Clé modifiée avec succès.,Key changed successfully.
Login.Panel.Settings.Menu.Idioma.Title,Selecciona el idioma,Sélectionnez la langue,Select the language
Login.Panel.Settings.Menu.Desactivar.Title,Dar de baja al usuario,Désactiver l'utilisateur,Deactivate user
Login.Panel.Settings.Menu.Desactivar.Description,"Esta acción dará de baja la cuenta del usuario. Una vez de baja, no se podrá volver a acceder con esa cuenta, no se recopilarán más datos asociados y nadie más podrá utilizarla. Para volver a dar de alta, es necesario contactar con: arpoolfluidra@gmail.com. Escribe el correo asociado a la cuenta para dar de baja a esta.","Cette action désactivera le compte de l'utilisateur. Une fois désactivé, le compte sera inaccessible, aucune donnée associée ne sera collectée et personne d'autre ne pourra l'utiliser. Pour réactiver le compte, veuillez contacter arpoolfluidra@gmail.com en indiquant l'adresse e-mail associée au compte à désactiver.","This action will deactivate the user's account. Once deactivated, the account will no longer be accessible, no further associated data will be collected, and no one else will be able to use it. To reactivate the account, please contact arpoolfluidra@gmail.com. Write the email address associated with the account to deactivate it."
Login.Panel.Settings.Menu.Desactivar.Button,DAR DE BAJA EL USUARIO,SUPPRIMER L'UTILISATEUR,DELETE USER
Login.Panel.Settings.Menu.Desactivar.correoIncorrecto,Este correo no esta asociado a ningun usuario,Ce courriel n'est associé à aucun utilisateur.,This email is not associated with any user
Login.Panel.Settings.Menu.Desactivar.usuarioYaDesactivado,Este usuario ya esta de baja,Ce compte utilisateur a déjà été désactivé.,This user has already been deactivated.
Login.Panel.Settings.Menu.Desactivar.usuarioDesactivado,Se ha dado de baja al usuario,L'utilisateur a été désactivé.,The user has been deactivated
Login.Panel.Settings.Menu.MobileMode:Title,Que dispositivo estás usando: ,Quel appareil utilisez-vous ?,What device are you using?
Login.Panel.Settings.Menu.MobileMode:Description,**Marca el dispositivo (movil o tablet) que estes usando para mejorar la interficie de la aplicación,**Veuillez sélectionner l'appareil (mobile ou tablette) que vous utilisez afin d'améliorer l'interface de l'application,**Please select the device (mobile or tablet) you are using to improve the app interface
Login.Panel.Settings.Menu.MobileMode.OptionA,Tablet,Comprimé,Tablet
Login.Panel.Settings.Menu.MobileMode.OptionB,Dispositivo móvil,appareil mobile,Mobile device
,,,
,,,
,,,
DebugText.LoginIntoApplication.InvalidCredentials,La contraseña no es correcta o el usuario no existe en nuestra base de datos.,Le mot de passe est incorrect ou l'utilisateur n'existe pas dans notre base de données.,The password is incorrect or the user does not exist in our database.
Advertencia.Texto,"¡ATENCIÓN! Dado que la aplicación genera imágenes de realidad aumentada a
través del dispositivo en el que la Aplicación se encuentre operativa, algunos
elementos del entorno pueden quedar ocultos por las imágenes de realidad
aumentada. En consecuencia, el Usuario debe evitar en todo momento desplazarse
por el lugar en el que se estén generando las imágenes de realidad aumentada
sirviéndose de la Aplicación como guía y debe mantener el grado de atención
necesario para moverse e interactuar de forma segura y sin peligro con el entorno.
ARPOOL SL no asume responsabilidad alguna por los daños y perjuicios que
puedan generarse como consecuencia de un uso que prescinda de las anteriores
instrucciones.
","ATTENTION ! L’application génère des images de réalité augmentée via l’appareil sur lequel elle est exécutée. De ce fait, certains éléments de l’environnement peuvent être masqués par ces images. Par conséquent, l’utilisateur doit éviter de se déplacer dans la zone de génération des images de réalité augmentée en utilisant l’application comme guide et doit rester vigilant afin de se déplacer et d’interagir avec l’environnement en toute sécurité. ARPOOL SL décline toute responsabilité en cas de dommages résultant d’une utilisation non conforme aux instructions ci-dessus.","ATTENTION! Since the application generates augmented reality images through the device on which it is running, some elements of the environment may be obscured by the augmented reality images. Therefore, the User must avoid moving around the area where the augmented reality images are being generated using the application as a guide and must maintain the necessary level of attention to move and interact safely and without danger with the environment. ARPOOL SL assumes no responsibility for any damages that may arise as a result of use that disregards the above instructions."
Main.ARPlaneWindow.GuidanceText,Enfoca al suelo hasta que aparezca una marca.,Fixez le sol jusqu'à ce qu'une marque apparaisse.,Focus on the ground until a mark appears.
Main.ARPlaneWindow.HelpPanel.Text,"Si estas teniendo dificultades para visualizar la marca en el suelo, sigue estos pasos:

-Situate en una zona con condiciones lumínicas estables y no sean extremas.

-Evita los lugares con muchas sombras.

- Enfocar superficies con detalles y que no  totalmente lisas.","Si vous avez du mal à voir la marque au sol, suivez ces étapes :

- Placez-vous dans un endroit bien éclairé, sans excès de lumière.

- Évitez les zones très ombragées.

- Concentrez-vous sur les surfaces présentant des détails, et non sur les surfaces parfaitement lisses.","If you're having trouble seeing the mark on the floor, follow these steps:

- Position yourself in an area with stable, non-extreme lighting conditions.

- Avoid areas with many shadows.

- Focus on surfaces with details, not completely smooth ones."
Main.VoletTypeWindow.GuidanceText,Seleccione el tipo de persiana a instalar.,"
Sélectionnez le type de volet à installer.",Select the type of blind to install.
Main.VoletTypeWindow.HelpPanel.SubmergedText,"La persiana sumergida es la solución perfecta para propietarios de piscinas residenciales que necesitan un sistema de seguridad discreto que retenga el calor acumulado en el agua de la piscina.
 
La plataforma se enrolla completamente dentro de un compartimento submarino que está cubierto por una placa de conducto sumergida. Esta persiana es compatible con piscinas en reforma o construcción.","La couverture de piscine immergée est la solution idéale pour les propriétaires de piscines résidentielles qui recherchent un système de sécurité discret préservant la chaleur de l'eau.

La plateforme s'enroule entièrement dans un compartiment sous-marin recouvert d'une plaque de conduit immergée. Cette couverture convient aux piscines en rénovation ou en construction.","The submerged pool cover is the perfect solution for residential pool owners who need a discreet safety system that retains the heat accumulated in the pool water.

The platform rolls up completely inside an underwater compartment covered by a submerged conduit plate. This cover is suitable for pools under renovation or construction."
Main.VoletTypeWindow.HelpPanel.RollersText,"Los rodillos para piscinas elevadas permiten una perfecta conservación de la cubierta.

Los rodillos para piscinas elevadas facilitan el manejo del cobertor de verano. Una vez recogido, es sencillo trasladarlo al lugar donde se almacena, dejando libre la zona de baño. Disponen de un dispositivo de frenado para bloquear el cilindro y son muy resistentes.","Les enrouleurs pour piscines hors-sol assurent une protection optimale de la couverture.

Ces enrouleurs facilitent la manipulation de la couverture d'été. Une fois rétractée, il est simple de la ranger, libérant ainsi l'espace de baignade. Ils sont équipés d'un système de freinage pour bloquer le cylindre et sont très résistants.","Rollers for above-ground pools ensure the cover is perfectly preserved.

These rollers make handling the summer cover easier. Once retracted, it's simple to move it to its storage location, leaving the swimming area clear. They feature a braking device to lock the cylinder and are very durable."
Main.PoseWindow.GuidanceText,Posiciona la persiana.  Pulsa el candado cuando hayas finalizado.,Positionnez le volet. Appuyez sur le verrou une fois terminé.,Position the blind. Press the lock when you're finished.
Main.PoseWindow.HelpPanel.TranslationText,Utilice un dedo para mover el volet.,Utilisez un doigt pour déplacer la volée.,Use one finger to move the volley.
Main.PoseWindow.HelpPanel.RotationText,Utilice el control deslizante en la pantalla para girar el volet.,Utilisez le curseur à l'écran pour faire pivoter le volet.,Use the slider on the screen to rotate the volet.
Main.Volet.GuidanceText,Manten pulsado sobre un botón para conocer que hace.,Appuyez longuement sur un bouton pour découvrir sa fonction.,Press and hold a button to find out what it does.
DebugText.PasswordRecovery.UsuarioNoExiste,Este usuario no existe en nuestra base de datos.,Cet utilisateur n'existe pas dans notre base de données.,This user does not exist in our database.
DebugText.PasswordRecovery.Error,La conexión ha fallado.,La connexion a échoué.,The connection has failed.
DebugText.ChangePassword.Error,La conexión ha fallado.,La connexion a échoué.,The connection has failed.
DebugText.ChangePassword.DiferenteAnterior,La nueva contraseña debe ser diferente que la anterior.,Le nouveau mot de passe doit être différent du précédent.,The new password must be different from the previous one.
,,,
,,,
DebugText.ChangePassword.FaltanDatos,Faltan datos por rellenar.,Des champs de données sont manquants.,Data fields are missing.
DebugText.ChangePassword.CambiadaCorrectamente,Contraseña cambiada correctamente!,Mot de passe modifié avec succès !,Password changed successfully!
DebugText.ChangePassword.OtherError,La contraseña no es correcta o el usuario no existe en nuestra base de datos.,Le mot de passe est incorrect ou l'utilisateur n'existe pas dans notre base de données.,The password is incorrect or the user does not exist in our database.
DebugText.LoginIntoApplication.Error,La conexión ha fallado.,La connexion a échoué.,The connection has failed.
DebugText.LoginIntoApplication.LicenciaDispositivo,La licencia del usuario está vinculada a otro dispositivo.,La licence de l'utilisateur est liée à un autre appareil.,The user's license is linked to another device.
DebugText.LoginIntoApplication.LoginIncorrecto,La contraseña no es correcta o el usuario no existe en nuestra base de datos.,Le mot de passe est incorrect ou l'utilisateur n'existe pas dans notre base de données.,The password is incorrect or the user does not exist in our database.
DebugText.LoginIntoApplication.UserIncorrecto,Este usuario no existe en nuestra base de datos.,Cet utilisateur n'existe pas dans notre base de données.,This user does not exist in our database.
DebugText.LoginIntoApplication.UserNotValidated,Este usuario no aún no esta validado. En caso de cualquier problema contacte con xxx@xx.xx.,"Cet utilisateur n'est pas encore validé. En cas de problème, veuillez contacter xxx@xx.xx.","This user is not yet validated. If you have any problems, please contact xxx@xx.xx."
DebugText.LoginIntoApplication.WishToSeeTutorial,Desea realizar un tutorial antes de iniciar la aplicación?,Souhaiteriez-vous suivre un tutoriel avant de commencer l'application ?,Would you like to complete a tutorial before starting the application?
DebugText.LoginIntoApplication.DontShowTutorialOtherTime,No volver a mostrar este mensaje,Ne plus afficher ce message,Don't show this message again
DebugText.LoginIntoApplication.FaltanCampos,Faltan campos por rellenar...,Il manque des champs...,There are fields missing...
DebugText.LoginIntoApplication.CargandoContenido,Cargando contenido. Espere...,Chargement du contenu. Veuillez patienter...,Loading content. Please wait...
DebugText.LoginIntoApplication.AccountDeleted,Tu cuenta ha sido eliminada.,Votre compte a été supprimé.,Your account has been deleted.
DebugText.DeviceAccountBinder.Error,La conexión ha fallado.,La connexion a échoué.,The connection has failed.
DebugText.DeviceAccountBinder.DispositivoYaVinculado,Dipositivo ya vinculado.,Appareil déjà connecté.,Device already linked.
DebugText.DeviceAccountBinder.UserIncorrecto,La contraseña no es correcta o el usuario no existe en nuestra base de datos.,Le mot de passe est incorrect ou l'utilisateur n'existe pas dans notre base de données.,The password is incorrect or the user does not exist in our database.
DebugText.RegisterAccount.Error,La conexión ha fallado.,La connexion a échoué.,The connection has failed.
DebugText.RegisterAccount.FaltanDatos,Faltan datos por rellenar.,Des champs de données sont manquants.,Data fields are missing.
DebugText.RegisterAccount.UserIncorrecto,La contraseña no es correcta o el usuario no existe en nuestra base de datos.,Le mot de passe est incorrect ou l'utilisateur n'existe pas dans notre base de données.,The password is incorrect or the user does not exist in our database.
DebugText.RegisterAccount.DiffPassword,La contraseña y la confirmación de la contraseña no coinciden,Le mot de passe et sa confirmation ne correspondent pas.,The password and password confirmation do not match
DebugText.RegisterAccount.DiffEmail,El correo y la confirmación del correo no coinciden,L'e-mail et la confirmation par e-mail ne correspondent pas.,The email and the email confirmation do not match
DebugText.RegisterAccount.EmailTaken,Ese correo electrónico ya esta siendo utilizado por un usuario.,Cette adresse e-mail est déjà utilisée par un utilisateur.,That email address is already being used by a user.
DebugText.RegisterAccount.NoCumpleRequisitos,"La contraseña debe tener mínimo 8 digitos, una mayúscula, una minúscula y un número.","Le mot de passe doit comporter au minimum 8 caractères, une lettre majuscule, une lettre minuscule et un chiffre.","The password must have a minimum of 8 characters, one uppercase letter, one lowercase letter, and one number."
DebugText.RegisterAccount.TelefonoIncorrecto,El campo 'telefono' no tiene una forma correcta.,Le champ « téléphone » ne possède pas de formulaire correct.,The 'telephone' field does not have a correct form.
DebugText.RegisterAccount.FormatoEmailIncorrecto,El formato del correo es incorrecto. Debe ser algo como: nombre@dominio.com,Le format de l'adresse e-mail est incorrect. Il devrait ressembler à : nom@domaine.com,The email format is incorrect. It should be something like: name@domain.com
DebugText.RegisterAccount.AppCodeIncorrecto,Contraseña de la aplicación incorrecto.,Mot de passe de l'application incorrect.,Incorrect application password.
DebugText.RegisterAccount.AppCodeInfo,Insterte la contraseña de la aplicación:,Saisissez le mot de passe de l'application :,Enter the application password:
,,,
DebugText.LoginIntoApplication.usuarioInactivo,Usuario inactivo. Contacte con arpoolfluidra@gmail.com para activarlo.,Compte utilisateur inactif. Veuillez contacter arpoolfluidra@gmail.com pour l'activer.,Inactive user. Contact arpoolfluidra@gmail.com to activate it.
Main.ButtonHoldPopup.Pose,Este botón te permite ajustar la posición y rotación de la persiana.,Ce bouton permet de régler la position et la rotation du volet.,This button allows you to adjust the position and rotation of the blind.
Main.ButtonHoldPopup.Width,Botón para configurar la anchura de la persiana.,Bouton permettant de régler la largeur du volet.,Button to set the width of the blind.
Main.ButtonHoldPopup.Length,Botón para configurar la longitud de la persiana.,Bouton permettant de régler la longueur du volet.,Button to set the length of the blind.
Main.ButtonHoldPopup.Railes,Botón para mover la volet sobre los raíles.,Bouton permettant de déplacer le volet sur les rails.,Button to move the volet on the rails.
Main.ButtonHoldPopup.Herramientas,Botón para desplegar un submenú de herramientas.,Bouton permettant d'afficher un sous-menu d'outils.,Button to display a submenu of tools.
Main.ButtonHoldPopup.TechnicalPlane,Con este botón podrás obtener un plano técnico de tu persiana.,Ce bouton vous permet d'obtenir un dessin technique de votre volet.,With this button you can obtain a technical drawing of your blind.
Main.ButtonHoldPopup.ReglaAR,Con este botón podrás utilizar una regla en Realidad Aumentada.,Ce bouton permet d'utiliser une règle en réalité augmentée.,With this button you can use a ruler in Augmented Reality.
Main.ButtonHoldPopup.DesignSoportes,Este botón te permite configurar el tipo de soporte de la persiana.,Ce bouton vous permet de configurer le type d'assistance aux personnes aveugles.,This button allows you to configure the type of support for the blind.
Main.ButtonHoldPopup.DesignColorLamas,Este botón te permite configurar la estética de las lamas.,Ce bouton vous permet de configurer l'apparence des lattes.,This button allows you to configure the appearance of the slats.
Main.BackButton.ToVolet,Estás seguro que deseas volver a atrás? Perderas todas las configuraciones guardadas.,Êtes-vous sûr de vouloir revenir en arrière ? Toutes les configurations enregistrées seront perdues.,Are you sure you want to revert? You will lose all saved settings.
Main.BackButton.ToMainMenu,Estás seguro que deseas volver al menu de inicio?,Êtes-vous sûr de vouloir retourner au menu principal ?,Are you sure you want to return to the home menu?
Main.ButtonHoldPopup.DesignColorLamasTarima,Este botón te permite configurar la estética de las lamas de la tarima.,Ce bouton vous permet de configurer l'esthétique des lames de terrasse.,This button allows you to configure the aesthetics of the decking boards.
Main.ButtonHoldPopup.DesignLeBanc,Este botón te permite configurar la estética del banco.,Ce bouton vous permet de configurer l'apparence de la banque.,This button allows you to configure the bank's appearance.
Tutorial.Texto.Bienvenida,"Bienvenido al tutorial de CovAR

Te iremos explicando paso a paso como funciona la aplicación.

Pulsa OK para empezar el tutorial.","Bienvenue dans le tutoriel CovAR.

Nous allons vous guider pas à pas à travers le fonctionnement de l'application.

Appuyez sur OK pour commencer le tutoriel.","Welcome to the CovAR tutorial.

We'll guide you step-by-step through how the application works.

Press OK to begin the tutorial."
Tutorial.Texto.ARMark,"Apunta hacia el suelo hasta que aparezca una marca, a continuación, púlsala.","Orientez-le vers le sol jusqu'à ce qu'une marque apparaisse, puis appuyez.","Point it towards the ground until a mark appears, then press it."
Tutorial.Texto.ExplicacionMenus1,"Como puedes ver en la imagen, dispones de dos menús para configurar tus persianas.","Comme vous pouvez le voir sur l'image, vous disposez de deux menus pour configurer vos volets","As you can see in the image, you have two menus to configure your blinds."
Tutorial.Texto.ExplicacionMenus2,"En la izquierda, tenemos el menú general donde desplazar, configurar las dimensiones de la persiana y acceder al plano técnico.","À gauche, vous trouverez le menu général qui vous permet de faire défiler les options, de configurer les dimensions du volet et d'accéder au dessin technique.","On the left, we have the general menu where you can scroll, configure the dimensions of the blind and access the technical drawing."
Tutorial.Texto.ExplicacionMenus3,"Por último, a la derecha, tenemos el menú de diseño, donde podemos personalizar la persiana a nuestro gusto.","Enfin, à droite, se trouve le menu de personnalisation, qui nous permet de personnaliser le volet à notre guise.","Finally, on the right, we have the design menu, where we can customize the blind to our liking."
Tutorial.Texto.SiguientePaso,SIGUIENTE PASO,ÉTAPE SUIVANTE,NEXT STEP
Tutorial.Texto.Desplazamiento1,Pulsa el botón que habilita el desplazamiento y rotación de la persiana.,Appuyez sur le bouton qui permet le mouvement et la rotation du volet.,Press the button that enables the movement and rotation of the blind.
Tutorial.Texto.Desplazamiento2,Desplaza tu dedo hacia la posición donde deseas colocar la persiana.,Déplacez votre doigt à l'endroit où vous souhaitez placer le volet,Move your finger to the position where you want to place the blind.
Tutorial.Texto.Desplazamiento3,"Desplaza el circulo de rotación 
situado en la barra inferior, para ajustar la rotación de la persiana.","""Déplacez le cercle de rotation situé sur la barre inférieure pour ajuster la rotation du volet.""",Move the rotation circle located on the bottom bar to adjust the rotation of the blind.
Tutorial.Texto.Anchura1,Pulsa el botón para poder modificar la anchura de la persiana.,Appuyez sur le bouton pour régler la largeur du volet,Press the button to adjust the width of the blind.
Tutorial.Texto.Anchura2,"Desplaza el circulo situado en la barra inferior, para ajustar la anchura de la persiana.",Déplacez le cercle situé sur la barre inférieure pour ajuster la largeur du volet.,Move the circle located on the bottom bar to adjust the width of the blind.
Tutorial.Texto.Anchura3,También puedes modificar la amplitud de la persiana utilizando los botones,Vous pouvez également régler la largeur du volet à l'aide des boutons.,You can also adjust the width of the blind using the buttons
Tutorial.Texto.Largura1,Pulsa el botón para poder modificar la longitud de la persiana.,Appuyez sur le bouton pour régler la longueur du volet.,Press the button to adjust the length of the blind.
Tutorial.Texto.Largura2,"Desplaza el circulo situado en la barra inferior o pulsa los botones

para ajustar la longitud de la persiana. ","Déplacez le cercle sur la barre inférieure ou appuyez sur les boutons 

pour régler la longueur du volet.","Move the circle on the bottom bar or press the buttons

to adjust the blind's length."
Tutorial.Texto.Soportes1,Pulsa el botón para poder modificar los soportes de la persiana.,Appuyez sur le bouton pour modifier les supports de volet.,Press the button to modify the blind supports.
Tutorial.Texto.Soportes2,Selecciona el modelo que desees.,Sélectionnez le modèle que vous souhaitez.,Select the model you want.
Tutorial.Texto.Soportes3,Selecciona el color que desees.,Sélectionnez la couleur que vous souhaitez.,Select the color you want.
Tutorial.Texto.Lamas1,Pulsa el botón para poder modificar el color de las lamas de la persiana.,Appuyez sur le bouton pour changer la couleur des lamelles du volet.,Press the button to change the color of the blind slats.
Tutorial.Texto.Lamas2,Selecciona el color que desees.,Sélectionnez la couleur que vous souhaitez.,Select the color you want.
Tutorial.Texto.Screenshot,Pulsa el botón para realizar una captura de pantalla que se guardará en tu dispositivo y que también podrás compartir.,Appuyez sur le bouton pour prendre une capture d'écran qui sera enregistrée sur votre appareil et que vous pourrez également partager.,Press the button to take a screenshot that will be saved to your device and that you can also share.
Tutorial.Texto.FichaTecnica1,Pulsa el botón para abrir la ficha técnica.,Appuyez sur le bouton pour ouvrir la fiche technique.,Press the button to open the technical data sheet.
Tutorial.Texto.FichaTecnica2,"En la ficha técnica, podrás ver un resumen de la configuración de la persiana. Además de poder añadir el nombre del cliente, anotaciones, configurar otras opciones relacionadas con productos asociados a la persiana y hacer una captura de pantalla.","Dans les spécifications techniques, vous trouverez un résumé de la configuration du volet. Vous pouvez également ajouter le nom du client, des notes, configurer d'autres options relatives aux produits associés au volet et effectuer une capture d'écran.","In the technical specifications, you can see a summary of the blind's configuration. You can also add the customer's name, notes, configure other options related to products associated with the blind, and take a screenshot."
Tutorial.Texto.FichaTecnica3,Pulsa el botón de la flecha para volver a la pantalla de configuración y continuar con el tutorial.,Appuyez sur la touche flèche pour revenir à l'écran des paramètres et poursuivre le tutoriel.,Press the arrow button to return to the settings screen and continue with the tutorial.
Tutorial.Texto.HelpPopup,"Si en algún momento quieres recordar que es lo que hacen los botones del menú principal y del menú del diseño, manteniendo pulsado cualquiera de estos desplegará un texto explicativo sobre lo que hacen.","Si vous souhaitez à tout moment vous rappeler à quoi servent les boutons du menu principal et du menu de conception, il vous suffit d'appuyer longuement sur l'un d'eux pour afficher un texte explicatif.","If at any time you want to remember what the buttons in the main menu and the design menu do, pressing and holding any of them will display an explanatory text about what they do."
Tutorial.Texto.EsconderMenus,"Si deseas esconder los botones del menú para visualizar mejor la pantalla, pulsa los botones que se encuentran encima de cada menú.","Pour masquer les boutons du menu et mieux visualiser l'écran, appuyez sur les boutons situés au-dessus de chaque menu.","If you want to hide the menu buttons to better view the screen, press the buttons located above each menu."
Tutorial.Texto.BotonAtras,Pulsa el botón de atrás  para finalizar el tutorial y continuar utilizando la aplicación.,"Pour revenir au menu de conception, appuyez sur le bouton situé en bas du menu.",Press the back button to end the tutorial and continue using the application.
,,,
,,,
,,,
FichaTecnica.Cliente,CLIENTE,CLIENT,CUSTOMER
FichaTecnica.ClienteInput,Entra texto...,Saisissez du texte...,Enter text...
FichaTecnica.Fecha,FECHA:,DATE:,DATE:
,,,
,,,
,,,
,,,
,,,
,,,
,,,
,,,
,,,
,,,
,,,
,,,
,,,
,,,
,,,
,,,
,,,
,,,
,,,
,,,
,,,
,,,
,,,
,,,
,,,
,,,
,,,
,,,
,,,
,,,
,,,
,,,
,,,
,,,
,,,
,,,
,,,
,,,
,,,
,,,
,,,
,,,
,,,
,,,
,,,
,,,
,,,
,,,
,,,
,,,
,,,
,,,
,,,
,,,
,,,
,,,
ColorLama.Blanco,Blanco,Blanc,White
ColorLama.Gris,Gris,Gris,Grey
ColorLama.Gris Medio,Gris Medio,Gris moyen,Medium Gray
ColorLama.Arena,Arena,Sable,Sand
ColorLama.Madera,Madera,Bois,Wood
ColorLama.AzulTransparenteNegro,Azul traslúcido/Negro,Bleu/noir translucide,Translucent Blue/Black
ColorLama.GrisTransparenteNegro,Gris metalizado/Negro,Gris métallisé/noir,Metallic Gray/Black
ColorLama.TransparenteNegro,Traslúcido/Negro,Translucide/Noir,Translucent/Black
MaterialLama.PVC,PVC,PVC,PVC
MaterialLama.Policarbonato,Policarbonato,Polycarbonate,Polycarbonate
MaterialLama.Title,Material lamas:,MATERIAU DES LAMES:,Slat material:
ColorSoporte.Blanco,Blanco,Blanc,White
ColorSoporte.BlancoGrisAntracita,Blanco-Gris Antracita,Blanc-Gris anthracite,White-Anthracite Grey
ColorSoporte.GrisAntracitaBlanco,Gris Antracita-Blanco,Gris anthracite-blanc,Anthracite Grey-White
ColorSoporte.GrisAntracita,Gris Antracita,Gris anthracite,Anthracite Grey
ColorSoporte.BlancoGrisClaro,Blanco-GrisClaro,Blanc-Gris clair,White-Light Gray
ColorSoporte.BlancoAzulTurquesa,Blanco-AzulTurquesa,Blanc-Bleu turquoise,White-Turquoise Blue
ColorSoporte.Sable,Sable,Sabre,Saber
ColorSoporte.Arena,Arena,Sable,Sand
ColorSoporte.Madera,Madera,Bois,Wood
Sumergida.Modelo.SumergidaTapaFuera,Sumergida Tapa fuera,Immergé. Couvercle enlevé.,Submerged. Lid off.
,,,
FichaTecnica.PopUp.InfoScreen.Title,DESCARGAR PLANO TÉCNICO,TÉLÉCHARGER LE DESSIN TECHNIQUE,DOWNLOAD TECHNICAL DRAWING
FichaTecnica.PopUp.InfoScreen.Message,¿Estas seguro de querer guardar esta orden?,Êtes-vous sûr de vouloir enregistrer cette commande ?,Are you sure you want to save this order?
FichaTecnica.PopUp.InfoScreen.Warning,(Es importante rellenar los  datos del cliente ya que se visualizarán el plano técnico),(Il est important de renseigner les coordonnées du client car elles figureront sur le dessin technique.),(It is important to fill in the customer details as they will be displayed on the technical drawing)
FichaTecnica.PopUp.LoadingScreen.Title,GENERANDO PLANO TÉCNICO...,GÉNÉRATION DE DESSINS TECHNIQUES...,GENERATING TECHNICAL DRAWING...
FichaTecnica.PopUp.GoodScreen.Title,PLANO TÉCNICO CORRECTAMENTE DESCARGADO,DESSIN TECHNIQUE TÉLÉCHARGÉ AVEC SUCCÈS,TECHNICAL DRAWING SUCCESSFULLY DOWNLOADED
FichaTecnica.PopUp.NoCustomNameScreen.Title,ESCRIBE EL NOMBRE Y CORREO DEL CLIENTE,ÉCRIVEZ LE NOM ET L'ADRESSE E-MAIL DU CLIENT,WRITE THE CUSTOMER'S NAME AND EMAIL
FichaTecnica.PopUp.BadScreen.Title,HA HABIDO ALGÚN PROBLEMA... LA ORDEN NO SE HA PODIDO GUARDAR,UN PROBLÈME EST SURVENU... LA COMMANDE N'A PAS PU ÊTRE SAUVEGARDÉE,THERE HAS BEEN A PROBLEM... THE ORDER COULD NOT BE SAVED
FichaTecnica.PopUp.Download.Title,DESCARGAR PLANO TÈCNICO,TÉLÉCHARGER LE DESSIN TECHNIQUE,DOWNLOAD TECHNICAL DRAWING
FichaTecnica.PopUp.Download.Text,"Selecciona la opción de descarga y espera unos segundos, el proceso puede llevar un tiempo.",Sélectionnez l'option de téléchargement et patientez quelques secondes ; le processus peut prendre un certain temps.,Select the download option and wait a few seconds; the process may take some time.
FichaTecnica.ProductosAsociados.FichaTecnica.ProductosAsociados.Mecanica.Option1,            -   ,-,-
FichaTecnica.ProductosAsociados.FichaTecnica.ProductosAsociados.Mecanica.Option2,Motor en fosa seca + kit empotrar pasamuros 210 mm,Kit de moteur pour fosse sèche + encastrement mural de 210 mm,Dry pit motor + 210 mm wall penetration recess kit
FichaTecnica.ProductosAsociados.FichaTecnica.ProductosAsociados.Mecanica.Option3,Motor en el eje fijación bajo piedra de coronación,Moteur monté sur l'arbre sous la pierre de couronnement,Motor on the shaft mounting under the crowning stone
FichaTecnica.ProductosAsociados.FichaTecnica.ProductosAsociados.Mecanica.Option4,Motor en el eje fijación en la pared,"Moteur sur arbre, montage mural","Motor on shaft, wall mounting"
FichaTecnica.ProductosAsociados.FichaTecnica.ProductosAsociados.ModeloTapa.Option1,Tapa fuera del agua,Couvercle hors de l'eau,Lid out of the water
FichaTecnica.ProductosAsociados.FichaTecnica.ProductosAsociados.ModeloTapa.Option2,Tapa sumergida,Couvercle immergé,Submerged lid
FichaTecnica.InfoBasica.LeBanc.TipoModelo,Tipo de modelo:,Type de modèle :,Model type:
FichaTecnica.InfoBasica.LeBanc.TapaSuperior,Color revestimiento superior:,Couleur de la couche de finition :,Top coating color:
FichaTecnica.InfoBasica.LeBanc.TapaLateral,Color revestimiento lateral:,Couleur du panneau latéral :,Side panel color:
,,,
,,,
,,,
,,,
,,,
,,,
,,,
,,,
,,,
,,,
,,,
,,,
TipoDeModelo.Small,Pequeño,Petit,Little
TipoDeModelo.Big,Grande,Grand,Big
ColorTapaSuperior.Blanco,Blanco,Blanc,White
ColorTapaSuperior.GrisAntracita,Gris Antracita,Gris anthracite,Anthracite Grey
ColorTapaSuperior.Madera,Madera,Bois,Wood
ColorTapaLateral.SinRevestimiento,Sin revestimiento,Non revêtu,Uncoated
ColorTapaLateral.Blanco,Blanco,Blanc,White
ColorTapaLateral.GrisAntracita,Gris Antracita,Gris anthracite,Anthracite Grey
ColorTapaLateral.Madera,Madera,Bois,Wood
,,,
,,,
,,,
,,,
,,,
,,,
,,,
,,,
,,,
,,,
,,,
,,,
,,,
Catalog.Company.Astralpool,Astralpool,Astralpool,Astralpool
Catalog.Company.BacPoolSystem,BAC Pool Systems,BAC Pool Systems,BAC Pool Systems
Catalog.Product.GroundRoller,Persiana exterior,Volet hors-sol,Ground pool cover
Catalog.Product.SubmergedCover,Persiana sumergida,Volet immergé,Submerged pool cover
Catalog.Product.Benches&Claddings,Bancos y revestimientos,Bancs et revêtements,Benches and claddings
Catalog.Product.Lamas,Lamas,Lamas,Lamas
Catalog.Product.FabricCover,Cubierta de tela,Housse en tissu,Fabric Cover
Catalog.Product.DeckMountedSlattedCover,Cubierta exterior de lamas,Volet à lames hors-sol,Deck mounted slatted cover
Catalog.Product.DeckMountedIsolaCover,Cubierta exterior isola,Volet Isola montée sur plage,Deck mounted Isola cover
Catalog.Model.Astralpool.Octeo,Octeo,Octeo,Octeo
Catalog.Model.Astralpool.Sveltea,Sveltea,Sveltea,Sveltea
Catalog.Model.Astralpool.SvelteaManual,Sveltea Manual,Sveltea Manuel,Sveltea Manual
Catalog.Model.Astralpool.Coverly,Coverly,Coverly,Coverly
Catalog.Model.Astralpool.Bellasun,Bellasun,Bellasun,Bellasun
Catalog.Model.Astralpool.LebancBig,Lebanc (Modelo grande),Lebanc (Grand modèle),Lebanc (Large model)
Catalog.Model.Astralpool.LebancSmall,Lebanc (Modelo pequeño),Lebanc (Petit modèle),Lebanc (Small model)
Catalog.Model.Astralpool.LebancTopCladding,Revesitimiento superior,Revêtement supérieur,Top cladding
Catalog.Model.Astralpool.LebancSidesCladding,Revesitimientos laterales,Revêtement latéral,Sides cladding
Catalog.Model.Astralpool.Rousillon,Rousillon,Rousillon,Rousillon
Catalog.Model.BACPoolSystem.Rollfix,Rollfix,Rollfix,Rollfix
Catalog.Model.BACPoolSystem.Whirpool,Whirlpool,Whirlpool,Whirlpool
Catalog.Model.BACPoolSystem.Isola,Isola,Isola,Isola
Catalog.Model.BACPoolSystem.Multiversal,Multiversal,Multiversal,Multiversal
Catalog.Model.BACPoolSystem.Novatrend,Novatrend,Novatrend,Novatrend
Catalog.Model.BACPoolSystem.SwissTop,SwissTop,SwissTop,SwissTop
,,,
Catalog.Material.White,Blanco,Blanc,White
Catalog.Material.Gray,Gris,Gris,Grey
Catalog.Material.Antracita,Gris Antracita,Gris anthracite,Anthracite Grey
Catalog.Material.Sand,Arena,Sable,Sand
Catalog.Material.Green,Verde,Vert,Green
Catalog.Material.Wood,Madera,Bois,Wood
Catalog.Material.White&White,Blanco & Blanco,Blanc et blanc,White & White
Catalog.Material.White&Black,Blanco & Gris Antracita,Blanc et gris anthracite,White & Anthracite Grey
Catalog.Material.Black&White,Gris Antracita & Blanco,Gris anthracite et blanc,Anthracite Grey & White
Catalog.Material.Black&Black,Gris Antracita & Gris Antracita,Gris anthracite et gris anthracite,Anthracite Grey & Anthracite Grey
Catalog.Material.Metalic,Metálico,Métal,Metal
Catalog.Material.Blue,Azul claro,bleu clair,Light blue
Catalog.Material.Green,Verde,Vert,Green
Catalog.Material.Capuccino,Capuccino,Cappuccino,Cappuccino
Catalog.Material.Translucent,Translucido,Translucide,Translucent
Catalog.Material.Solar,Solar,Solaire,Solar
Catalog.Material.TranslucentCristalClear,Cristal claro translucido,Cristal transparent et translucide,Clear translucent crystal
Catalog.Material.SolarBlued,Azul solar,Bleu solaire,Solar blue
Catalog.Material.SolarCristalClear,Cristal claro solar,Cristal solaire transparent,Clear solar crystal
Catalog.Material.SolarGreen,Verde solar,Vert solaire,Solar green
Catalog.Material.SolarSilver,Plata solar,argent solaire,Solar silver
Catalog.Material.SolarSmokey,Solar Smokey,Solar Smokey,Solar Smokey
Catalog.Material.TranslucedBlued,Azul translucido,Bleu translucide,Translucent blue
Catalog.Material.TranslucedSmokey,Transluced Smokey,Fumé translucide,Translucent Smokey
,,,
Catalog.Material.NoSideCladding,Quitar revesitimientos laterales,Retirer les revêtement latéral,Remove side claddings
Catalog.CatalogPanel.SelectProduct,Producto:,Produit:,Product:
Catalog.Lamas.Model.PVC,PVC,PVC,PVC
Catalog.Lamas.Model.Policarbonat,Policarbonato,Polycarbonate,Polycarbonate
Catalog.Lamas.Duotherm,Duotherm,Duotherm,Duotherm
Catalog.Lamas.Twist,Twist,Torsion,Twist
Catalog.Lamas.RollmaticPVC,Rollmatic PVC,Rollmatic PVC,Rollmatic PVC
Catalog.Lamas.RollmaticPolycarbonate,Rollmatic Polycarbonate,Polycarbonate Rollmatic,Rollmatic Polycarbonate
Catalog.Lamas.RollmaticPolycarbonatePro,Rollmatic Polycarbonate Pro,Rollmatic Polycarbonate Pro,Rollmatic Polycarbonate Pro
,,,
Catalog.Lamas.Model.Title,Modelo,Modèle,Model
Catalog.Lamas.Material.Title,Material,Matériel,Material
,,,
,,,
,,,
,,,
InGame.PlaneFinderPanel.InfoText,"Apunte hacia el suelo hasta que aparezca una marca, a continuación, púlsela.","Orientez-le vers le sol jusqu'à ce qu'une marque apparaisse, puis appuyez.","Point it towards the ground until a mark appears, then press it."
InGame.CatalogPanel.InfoText,Seleccione un modelo de persiana y pulse editar,Sélectionnez un modèle de volet,Select a blind model and press edit
InGame.Help.Mode.Movment,Mover modelo,Sélectionnez un modèle de volet,Move model
InGame.Help.Mode.MovmentDescrip,Permite mover el modelo de cubierta arrastrando el modelo con el dedo.,Il vous permet de déplacer le modèle de couverture en le faisant glisser avec votre doigt.,Il vous permet de déplacer le modèle de couverture en le faisant glisser avec votre doigt.
InGame.Help.Mode.Rotation,Rotar modelo,Modèle de rotation,Modèle de rotation
InGame.Help.Mode.RotationDescrip,Permite rotar el modelo con el la barra deslizadora.,Il vous permet de faire pivoter le modèle à l'aide de la barre de défilement.,Il vous permet de faire pivoter le modèle à l'aide de la barre de filetage.
InGame.Help.Mode.SetModelLenght,Anchura del modelo,Largeur du modèle,Largeur du
InGame.Help.Mode.SetModelLenghtDescrip,Permite modificar la anchura del modelo con la barra deslizadora,Permet de modifier la largeur du modèle à l'aide du curseur.,Permet de modifier la largeur du modèle à l'aide du parcours.
InGame.Help.Mode.SetLamasLenght,Longitud de la persiana,Longueur de l'aveugle,Durée de la cécité
InGame.Help.Mode.SetLamasLenghtDescrip,Permite modificar la longitud de la persiana con la barra deslizadora,Elle permet de régler la longueur du store grâce à la barre coulissante.,Elle permet d'ajuster la longueur du magasin grâce à la barre coulissante.
InGame.Help.Mode.Blueprint,Plano técnico,dessin technique,technique de dessin
InGame.Help.Mode.BlueprintDescrip,Permite acceder al plano tècnico del modelo seleccionado,Il permet d'accéder au dessin technique du modèle sélectionné.,Il permet d'accéder au dessin technique du modèle sélectionné.
InGame.Help.Mode.Catalogo,Catálogo,Catalogue,Catalogue
InGame.Help.Mode.CatalogDescrip,"Accede al catalogo completo para poder cambiar el modelo, el color, el material de las lamas o su color.","Accédez au catalogue complet pour modifier le modèle, la couleur, le matériau des lattes ou la couleur.","Accédez au catalogue complet pour modifier le modèle, la couleur, la matière des lattes ou la couleur."
,,,
,,,
,,,
FichaTecnica.InfoBasica.Modelo,Modelo:,Modèle:,Model:
FichaTecnica.InfoBasica.Dimensiones,Dimensiones:,Dimensions:,Dimensions:
FichaTecnica.InfoBasica.Color,Colores:,Couleurs:,Colors:
FichaTecnica.InfoBasica.ColorSoportes,Soportes:,PIED:,Legs:
FichaTecnica.InfoBasica.ColorLamas,Lamas:,LAMES:,Slats:
FichaTecnica.InfoBasica.ColorTarima,Tarima:,Revêtement de sol :,Platform:
FichaTecnica.InfoBasica.ColorRevestimientoSuperior,Revestimiento superior:,Revêtement supérieur :,Upper cladding:
FichaTecnica.InfoBasica.ColorRevestimientoLateal,Color revestimientos:,Revêtements latéraux :,Side cladding:
FichaTecinca.MaterialLama.Title,Material lamas:,MATERIAU DES LAMES:,Slat material:
FichaTecnica.MaterialInfo.Titulo,INFORMACIÓN BÁSICA,INFORMATIONS DE BASE,BASIC INFORMATION
FichaTecnica.ProductosAsociados.Titulo,PRODUCTOS ASOCIADOS,PRODUITS ASSOCIÉS,RELATED PRODUCTS
FichaTecnica.BasicDropdownOptions.Option01,None,None,None
FichaTecnica.ProductosAsociados.Led,Iluminación LED Solar,Éclairage solaire LED,Solar LED Lighting
FichaTecnica.BasicDropdownOptions.Option02,Añadir,Ajouter,Add
FichaTecnica.BasicDropdownOptions.Option03,No añadir,Ne pas ajouter,Do not add
FichaTecnica.ProductosAsociados.CoverConnect,Cover Connect:,Cover Connect:,Cover Connect:
FichaTecnica.ProductosAsociados.CoverConnect.Option2,Caja control mural + App. Movil,Boîtier de commande mural + application mobile,Wall-mounted control box + Mobile app
FichaTecnica.ProductosAsociados.CoverConnect.Option3,Mando a distancia llavero,Porte-clés télécommande,Remote control keychain
FichaTecnica.ProductosAsociados.CoverConnect.Option4,Mando a distancia + receptor Bluetooth + aplicación Cover Connect,Télécommande porte-clés + récepteur Bluetooth + application Cover Connect,Key fob remote + Bluetooth receiver + Cover connect app
FichaTecnica.ProductosAsociados.CoverConnect.Option5,Caja de control de pared + receptor Bluetooth + aplicación Cover Connect,Boîtier de commande mural + récepteur Bluetooth + application Cover Connect,Wall-mounted control box  + Bluetooth reciver + Cover connect app
FichaTecnica.ProductosAsociados.CoverConnect.Option6,Aplicación Cover Connect,Application Cover Connect,Cover Connect App
FichaTecnica.ProductosAsociados.Electrolisis,Contacto para electrólisis,Contact d'électrolyse,Electrolysis contact
FichaTecnica.InfoBasica.PoolMaterial.Title,Material de la piscina:,Matériel de piscine :,Pool material:
FichaTecnica.InfoBasica.PoolMaterial.Option02,Gresite,Gresite,Gresite
FichaTecnica.InfoBasica.PoolMaterial.Option03,Liner,Doublure,Liner
FichaTecnica.InfoBasica.PoolMaterial.Option04,Poliéster,Polyester,Polyester
FichaTecnica.InfoBasica.PoolMaterial.Option05,Porcelánica,Porcelaine,Porcelain
FichaTecnica.ProductosAsociados.SistemaSeguridad,Sistema seguridad:,Système de sécurité :,Security system:
FichaTecnica.ProductosAsociados.SistemaSeguridad.DropDown.Option02,Hebillas con correa de tela,Boucles avec sangle en tissu,Buckles with fabric strap
FichaTecnica.ProductosAsociados.SistemaSeguridad.DropDown.Option03,ABS,ABS,ABS
FichaTecnica.ProductosAsociados.SistemaSeguridad.DropDown.Option04,Acero inoxidable electropulido 316L,Acier inoxydable électropoli 316L,316L electropolished stainless steel
Sumergida.Modelo.SumergidaTapaFuera.ModeloTapa,Modelo de cubierta:,Modèle de couverture :,Cover model:
FichaTecnica.ProductosAsociados.FichaTecnica.ProductosAsociados.ModeloTapa.Option01,Tapa fuera del agua,Couvercle hors de l'eau,Lid out of the water
FichaTecnica.ProductosAsociados.FichaTecnica.ProductosAsociados.ModeloTapa.Option02,Tapa sumergida,Couvercle immergé,Submerged lid
FichaTecnica.ProductosAsociados.Mecanismo,Mecánica:,Mécanique:,Mechanics:
FichaTecnica.ProductosAsociados.FichaTecnica.ProductosAsociados.Mecanica.Option02,Motor en fosa seca + kit empotrar pasamuros 210 mm,Kit de moteur pour fosse sèche + encastrement mural de 210 mm,Dry pit motor + 210 mm wall penetration recess kit
FichaTecnica.ProductosAsociados.FichaTecnica.ProductosAsociados.Mecanica.Option03,Motor en el eje fijación bajo piedra de coronación,Moteur monté sur l'arbre sous la pierre de couronnement,Motor on the shaft mounting under the crowning stone
FichaTecnica.ProductosAsociados.FichaTecnica.ProductosAsociados.Mecanica.Option04,Motor en el eje fijación en la pared,"Moteur sur arbre, montage mural","Motor on shaft, wall mounting"
FichaTecnica.ProductosAsociados.Vigas,Viga:,Faisceau:,Beam:
FichaTecnica.ProductosAsociados.Vigas.DropDown.Option2,Kit Viga 100x70,Kit de poutre 100x70,100x70 Beam Kit
FichaTecnica.ProductosAsociados.Vigas.DropDown.Option3,Kit Viga 100x110,Kit de poutre 100x110,100x110 Beam Kit
FichaTecnica.ProductosAsociados.Vigas.DropDown.Option4,Kit Tabique 100x70,Kit de cloison 100x70,Partition Kit 100x70
FichaTecnica.ProductosAsociados.Vigas.DropDown.Option5,Kit Tabique 100x110,Kit de cloison 100x110,Partition Kit 100x110
FichaTecnica.ProductosAsociados.Tapas,Tapa:,Couverture:,Cover:
FichaTecnica.ProductosAsociados.Tapas.Option2,Madera exótica 750x1000,Bois exotique 750x1000,Exotic wood 750x1000
FichaTecnica.ProductosAsociados.Tapas.Option3,Madera exótica 950x1000,Bois exotique 950x1000,Exotic wood 950x1000
FichaTecnica.ProductosAsociados.Tapas.Option4,Por encargo,Sur mesure,Custom made
FichaTecnica.Anotaciones.Titulo,ANOTACIONES:,REMARQUES :,NOTES:
FichaTecnica.Anotaciones.Input,Introduce texto...,Saisissez du texte...,Enter text...
FichaTecnica.Titulo,PLANO TÉCNICO,PLAN TECHNIQUE,TECHNICAL PLAN
FichaTecnica.DescripPopUp,Complete los datos del cliente para poder generar el plano técnico.,Renseignez les informations client pour générer le dessin technique.,Complete the customer details to generate the technical drawing.
FichaTecnica.EscribirNombre,Nombre del cliente...,Nom du client...,Customer name...
FichaTecnica.EscribirCorreo,Correo del cliente...,Courriel du client...,Customer email...
,,,
,,,
Login.Input.Clave,*Contraseña...,*Mot de passe...,*Key...
Login.Button.Acceder,Acceder,Accéder,Enter
Login.Input.Mail,*Correo...,*Mail...,*Mail...
Login.Input.Nombre,*Nombre...,*Nom...,*Name...
Login.Input.Aceptar,Aceptar,Accepter,Accept
Login.Input.Volver,Volver,Retour,Return
Login.Button.ClaveOlvidada,¿Has olvidado tu contraseña?,Avez-vous oublié votre mot de passe ?,Have you forgotten your password?
Login.Button.NuevaClave,Cambiar contraseña,Changer le mot de passe,Change password
Login.Button.CrearCuenta,Crear cuenta,Créer un compte,Create account
Login.Panel.Settings.Menu.Idioma,Selecciona el idioma,Sélectionnez la langue,Select the language
Login.Panel.Settings.Menu.Title,Ajustes de cuenta,Paramètres du compte,Account settings
Login.Panel.Settings.CloseApp.Title,Salir de la aplicación,Quitter l'application,Exit the application
Login.Panel.Settings.CloseApp.Button,Cerrar aplicación,Fermer l'application,Close application
Login.HelperText.loginIncorrecto,El correo o la contraseña son incorrectos.,L'adresse e-mail ou le mot de passe est incorrect.,The email or password is incorrect.
Login.HelperText.Error,Error de conexión,Erreur de connexion,Connection error
Login.HelperText.NoConnection,No hay intertnet... Comprueba tu conexión.,Il n'y a pas d'internet... Vérifiez votre connexion.,There's no internet... Check your connection.
Login.Panel.CreacionUsuario.Titulo,Crear usuario,Créer un utilisateur,Create user
Login.Input.Apellidos,*Apellidos...,*Noms de famille...,*Last names...
Login.Input.Telefono,Teléfono...,Téléphone...,Phone...
Login.Input.Empresa,*Empresa...,*Entreprise...,*Company...
Login.Input.RepetirMail,*Repetir correo...,*Répétez l'email...,*Repeat email...
Login.Input.RepetirClave,*Repetir contraseña...,*Répéter le mot de passe...,*Repeat password...
Login.Panel.TerminosDeServicio,Términos de servicio,Conditions d'utilisation,Terms of service
Login.Input.Country,Selecciona el país:,Sélectionnez votre pays :,Select your country:
Login.ReSetPassword.Menu.Title,Recuperar contraseña,Récupérer le mot de passe,Recover password
Login.Input.ClaveDescrip,"La contraseña debe tener mínimo 8 digitos, una mayúscula, una minúscula y un número.","Le mot de passe doit comporter au minimum 8 caractères, une lettre majuscule, une lettre minuscule et un chiffre.","The password must have a minimum of 8 characters, one uppercase letter, one lowercase letter, and one number."
Login.Input.CreateUserDescrip,Solo los campos con * son obligatorios para crear un usuario.,Seuls les champs marqués d'un * sont obligatoires pour créer un utilisateur.,Only fields marked with * are required to create a user.
Login.HelperText.NotInLeads,Esta App está reservada a clientes de Fluidra Iberia. Para más información rogamos contacten con infomarketing@fluidra.com,"Cette application est réservée aux clients de Fluidra Iberia. Pour plus d'informations, veuillez contacter infomarketing@fluidra.com","This app is reserved for Fluidra Iberia customers. For more information, please contact infomarketing@fluidra.com"
Login.HelperText.EmailNoCoinciden,Los correos no coinciden.,Les adresses électroniques ne correspondent pas.,The emails do not match.
Login.HelperText.PasswordNoCoinciden,Las contraseñas no coinciden.,Les mots de passe ne correspondent pas.,The passwords do not match.
Login.HelperText.NoCumpleRequisitos,"Las contraseñas deben tener un mínimo de ocho caracteres, una mayúscula, una minúscula y un número.","Les mots de passe doivent comporter au minimum huit caractères, dont une lettre majuscule, une lettre minuscule et un chiffre.","Passwords must have a minimum of eight characters, one uppercase letter, one lowercase letter, and one number."
Login.HelperText.EmailAlreadyOnBBDD,El correo ya existe en la base de datos.,L'adresse e-mail existe déjà dans la base de données.,The email address already exists in the database.
Login.ReSetPassword.Menu.Descrip,Escribe el correo asociado a la cuenta y te enviaremos una nueva clave de acceso.,Saisissez l'adresse e-mail associée à votre compte et nous vous enverrons un nouveau code d'accès.,Enter the email address associated with the account and we will send you a new access code.
Login.ReSetPassword.Menu.Button,Enviar,Envoyer,Send
Login.Panel.ClaveOlvidada,Escribe tu correo,Saisissez votre adresse e-mail,Enter your email address
Login.SetPassword.Menu.Title,Cambiar contraseña,Changer le mot de passe,Change password
Login.SetPassword.Menu.ClaveActual,Contraseña actual...,Mot de passe actuel...,Current password...
Login.SetPassword.Menu.NuevaClave,Nueva contraseña...,Nouveau mot de passe...,New password...
Login.SetPassword.Menu.Boton,Actualizar,Mise à jour,Update
Login.ReSetPassword.Mail.Title,CovAR - Nueva contraseña,CovAR - Nouveau mot de passe,CovAR - New password
Login.ReSetPassword.Mail.Body,"Buenas, hemos generado esta nueva clave para tu cuenta:   ","Bonjour, nous avons généré cette nouvelle clé pour votre compte :","Hello, we have generated this new key for your account:"
Login.ReSetPassword.Mail.UserNotFound,Correo no encontrado en la base de datos,Adresse électronique introuvable dans la base de données,Email not found in the database
Login.ReSetPassword.Mail.MailSended,Se ha enviado un correo con la nueva clave de acceso,Un courriel contenant le nouveau code d'accès a été envoyé.,An email with the new access code has been sent.
Login.ReSetPassword.Mail.Error,Error al recuperar clave de acceso,Erreur lors de la récupération de la clé d'accès,Error retrieving access key
Login.HelperText.CorreoEnviado,Se ha mandado un correo con la nueva clave,Un courriel contenant le nouveau mot de passe a été envoyé.,An email with the new password has been sent.
Login.HelperText.PasswordChangedCorrectly,Contraseña correctamente actualizada,Mot de passe mis à jour avec succès,Password successfully updated
Login.HelperText.NewPasswordNotCorrect,"La nueva contraseña debe tener mínimo 8 digitos, una mayúscula, una minúscula y un número.","Le nouveau mot de passe doit comporter au minimum 8 caractères, une lettre majuscule, une lettre minuscule et un chiffre.","The new password must have a minimum of 8 characters, one uppercase letter, one lowercase letter, and one number."
Login.HelperText.SamePassword,La nueva contraseña no puede ser igual a la otra.,Le nouveau mot de passe ne peut pas être identique à l'ancien.,The new password cannot be the same as the old one.
Login.HelperText.UserNotFound,Correo o contraeña no encontrados en la base de datos,Adresse électronique ou mot de passe introuvable dans la base de données,Email or password not found in the database
Login.Panel.Settings.Menu.DeleteAcount,Eliminar cuenta,Supprimer le compte,Delete account
Login.Panel.Settings.Menu.DeleteAcountDescrip,Esta acción eliminará tu cuenta y borrará toda tu información. El acceso a la app quedará desactivado.,Cette action supprimera votre compte et effacera toutes vos informations. L'accès à l'application sera désactivé.,This action will delete your account and erase all your information. Access to the app will be disabled.
Login.Panel.Settings.Menu.DeleteAcountButton,Eliminar,Éliminer,Eliminate
Login.HelperText.UserDeletedCorrectly,El usuario se ha eliminado correctamente,L'utilisateur a été supprimé avec succès.,The user has been successfully deleted
Login.HelperText.LoginWait,Conectando con el servidor. Espere...,Connexion au serveur. Veuillez patienter...,Connecting to the server. Please wait...
Login.Terms&Conditions.Body,"1. Objeto

Las presentes Condiciones Generales de Uso regulan el uso de la aplicación informática SPACEPOOLS-AR  
personalizada para SPACEPOOLS (la “Aplicación”) y del sitio web https://arpoolvisualizations.com/ 
ya sea con su actual nombre o con cualquier otra denominación con la que pueda figurar
en el futuro, de ARPOOL SL con NIF B64113509 y domicilio social en Calle Caspe 37,
2º-1º Barcelona CP:08010. La Aplicación y el Sitio Web están dirigidos exclusivamente a
usuarios residentes en la Unión Europea. Los usuarios que residan o se encuentren
domiciliados en cualquier otro lugar y que decidan acceder y/o utilizar esta Aplicación y/o
Sitio Web deberán asegurarse de que tal acceso y/o utilización cumple con la legislación
local aplicable. Al acceder y utilizar esta Aplicación y/o Sitio Web usted (“Usuario”) (i)
reconoce que ha leído y aceptado estas Condiciones Generales de Uso y (ii) se compromete
a cumplir con todos sus términos y condiciones. Asimismo, el Usuario reconoce y acepta
que el acceso y uso de esta Aplicación y/o Sitio Web estará sujeto a las Condiciones
Generales de Uso que se encuentren en vigor en el momento en que acceda a los mismos.
ARPOOL SL se reserva el derecho de modificar las presentes Condiciones Generales
de Uso, así como cualesquiera otras condiciones generales o particulares que resulten de
aplicación. En tal caso, el Usuario podrá notificar a SPACEPOOLS o ARPOOL SL, a
través del Servicio de Asistencia Técnica que no acepta cualquier eventual modificación de
las presentes Condiciones Generales de Uso.

2. Contenidos

A través de la Aplicación, ARPOOL SL facilita a SPACEPOOLS, y a los Usuarios de la
Aplicación que éste designe, un programa de realidad aumentada para su uso en
dispositivos móviles, orientada al sector de los fabricantes, distribuidores y constructores
de piscinas, que permite a SPACEPOOLS la carga de sus productos en la aplicación para
exhibirlos, en base a la elección del cliente, en la ubicación prevista para la construcción o
instalación de la piscina, aprovechando las ventajas que ofrece la posibilidad de ofrecer a
los clientes una previsualización in situ y en tres dimensiones del resultado del producto o
servicio que pretende encargar (“Servicio”). La Aplicación, facilita al Usuario el acceso a
diversos contenidos, información y datos proporcionados por SPACEPOOLS y ARPOOL SL 
en relación con el Servicio (los “Contenidos”). ARPOOL SL se reserva el derecho
a modificar en cualquier momento la presentación, la configuración y ubicación de la
Aplicación y/o el Sitio Web, así como las correspondientes condiciones de acceso y uso.
Los Contenidos proporcionados a través de la Aplicación y/o Sitio Web podrán ser objeto
de eventuales actualizaciones no reflejadas en cada momento en la Aplicación y/o Sitio
Web.
ARPOOL SL actúa como desarrollador de la Aplicación y prestador de los servicios
necesarios para su uso y funcionamiento. Será responsabilidad exclusiva de SPACEPOOLS
que los elementos, productos, componentes y demás imágenes por éste proporcionados y
utilizadas para el desarrollo del Servicio no estén sujetos a limitaciones en su uso que no
dependan de SPACEPOOLS. ARPOOL SL únicamente pone a disposición de
SPACEPOOLS y de los Usuarios que éste designe, una herramienta de realidad aumentada,
orientada a facilitar la comercialización de piscinas. El Usuario exonera a AR POOL de
cualquier responsabilidad derivada de los elementos aportados por SPACEPOOLS. Sin 
perjuicio de lo anterior, ARPOOL SL manifiesta y garantiza que: Está constituida como
sociedad mercantil en España, es titular de la Aplicación y del Código Fuente, en el sentido
en que se define en el Real Decreto Legislativo 1/1996, de 12 de abril, por el que se
aprueba el texto refundido de la Ley de Propiedad Intelectual, cuenta con la capacidad
necesaria para ceder los derechos de uso de la Explotación de la Aplicación, a
ARPOOL. La Aplicación es legible y utilizable en su forma actual, y es plenamente
funcional, sin perjuicio de su encriptación, en su caso, para la protección de los derechos
sobre los mismos, que asume toda la responsabilidad por la integridad y funcionalidad de
la Aplicación, dejando constancia que la Aplicación se ha desarrollado, a nivel operativo,
sobre sistemas operativos, software, assets y plug-ins desarrollados por terceros,
careciendo en este sentido de responsabilidad alguna por las actualizaciones,
modificaciones, variaciones, cancelaciones o cualquier otro tipo de cambio en los referidos
elementos. No obstante, en caso de que el sistema operativo o los sistemas operativos
sobre la base de los cuales se ha desarrollado la Aplicación desaparezcan, el software o los
assets o plug-ins, sean discontinuados o, de alguna otra forma, pierdan su capacidad
operativa, ARPOOL SL podrá dejar de actualizarlos y no queda obligado a ofrecer al
usuario una nueva versión de la aplicación adaptada al sistema operativo, software, asset o
plug-in que sustituya al desaparecido, sin perjuicio de su compromiso de realizar sus
mejores esfuerzos para mantener la operatividad de la Aplicación. Las actualizaciones
serán anunciadas de forma previa con instrucciones para su descarga y, cuando se prevea
que las mismas puedan impedir de forma temporal el uso de la Aplicación, se realizarán
fuera de los horarios comerciales habituales. ARPOOL SL no asume responsabilidad
alguna por las limitaciones en el uso o, incluso, imposibilidad de uso de la Aplicación que
puedan derivar de que el Usuario no actualice la Aplicación y/o el sistema operativo que
sirva de base a la Aplicación a medida que aparezcan sus respectivas actualizaciones.

3. Acceso y uso

El acceso a la Aplicación y/o Sitio Web estará limitado a mayores de 18 años. El Usuario no
podrá (i) autorizar a terceros a utilizar su cuenta, ni podrá permitir a personas menores de
18 años el acceso a la Aplicación a través de su cuenta; ni (ii) tampoco podrá permitir que
personas menores de 18 años aparezcan en las imágenes que se tomen en el uso de la
Aplicación, a menos que los menores vayan acompañados por su padre/madre/tutor legal
y éste lo autorice de forma previa, expresa y por escrito. El Usuario reconoce y acepta que
el acceso y uso de la Aplicación y/o Sitio Web tiene lugar libre y conscientemente, bajo su
exclusiva responsabilidad. ARPOOL SL no será en ningún caso responsable de (i)
cualquier uso contrario a la Ley, la moral, las buenas costumbres y el orden público que el
Usuario y/o terceros pudieran hacer de la Aplicación y/o Sitio Web, ni de (ii) los daños y
perjuicios que pudieran derivarse del mismo. Sin perjuicio de lo anterior, ARPOOL SL
pondrá en conocimiento de las autoridades cualquiera de los anteriores usos de su
Aplicación y/o Sitio Web tan pronto tenga conocimiento de los mismos. El Usuario se
compromete a hacer un uso adecuado y lícito de la Aplicación y/o Sitio Web de
conformidad con la legislación aplicable y las presentes Condiciones Generales de Uso. El
Usuario deberá abstenerse de (i) hacer un uso no autorizado o fraudulento de la
Aplicación y/o Sitio Web; (ii) acceder o intentar acceder a recursos restringidos de la
Aplicación y/o Sitio Web; (iii) utilizar la Aplicación y/o Sitio Web con fines o efectos
ilícitos, ilegales, contrarios a lo establecido en las presentes Condiciones Generales de Uso,
lesivos de los derechos e intereses de terceros, o que de cualquier forma puedan dañar,
inutilizar o sobrecargar o impedir la normal utilización o disfrute de la Aplicación y/o Sitio
Web; (iv) provocar daños en la Aplicación y/o Sitio Web o en los sistemas de sus proveedores o 
de terceros; (v) introducir o difundir virus informáticos o cualesquiera
otros sistemas físicos o lógicos que sean susceptibles de provocar daños en los sistemas de
ARPOOL SL, de sus proveedores o de terceros, (vi) intentar acceder, utilizar y/o
manipular los datos de ARPOOL SL, terceros proveedores y otros usuarios; (vii)
reproducir, copiar, distribuir, transformar o modificar los Contenidos, permitir el acceso a
terceros a través de cualquier modalidad de comunicación pública, a menos que se cuente
con la autorización del titular de los correspondientes derechos o ello esté legalmente
permitido; (viii) obtener o intentar obtener los contenidos empleando para ello medios o
procedimientos distintos de los que, según los casos, se hayan puesto a su disposición a
este efecto. El Usuario únicamente podrá acceder a la Aplicación y/o Sitio Web a través de
los medios autorizados. ARPOOL SL no será responsable en caso de que el Usuario no
disponga de un dispositivo compatible o haya descargado una versión de la Aplicación
incompatible con su dispositivo. Cada Usuario únicamente tendrá vinculada a su cuenta un
dispositivo, motivo por el cual ARPOOL SL recabará el número de identificación del
dispositivo en el que se descargue la Aplicación. Se permitirá la migración de la Aplicación
a otro dispositivo, con eliminación del anterior, con un máximo de 3 migraciones por año
natural, para de este modo cubrir eventualidades tales como sustitución del dispositivo
vinculado a la Aplicación por pérdida, robo, avería o mera sustitución por un nuevo
dispositivo.
La Aplicación, para su correcto uso y mantenimiento, debe tener conexión a la red de
internet. Sin perjuicio de que pueda usarse de forma puntual sin la citada conexión, se
advierte expresamente que el servicio y operativa de la Aplicación pueden verse afectados
e, incluso, interrumpidos, en caso de que la misma se mantenga sin conexión por periodos
prolongados.
¡ATENCIÓN! Dado que ARPOOL SL genera imágenes de realidad aumentada a
través del dispositivo en el que la Aplicación se encuentre operativa, algunos
elementos del entorno pueden quedar ocultos por las imágenes de realidad
aumentada. En consecuencia, el Usuario debe evitar en todo momento desplazarse
por el lugar en el que se estén generando las imágenes de realidad aumentada
sirviéndose de la Aplicación como guía y debe mantener el grado de atención
necesario para moverse e interactuar de forma segura y sin peligro con el entorno.
ARPOOL 3D SL no asume responsabilidad alguna por los daños y perjuicios que
puedan generarse como consecuencia de un uso que prescinda de las anteriores
instrucciones.

4. Condiciones adicionales para el acceso y uso

El acceso a la Aplicación estará sujeto en todo caso al previo registro del Usuario mediante
la cumplimentación del correspondiente formulario (“Formulario de Registro”), que será
previamente facilitado al Usuario. SPACEPOOLS y ARPOOL SL se reservan el derecho
de aceptar o rechazar libremente la solicitud de registro por parte del Usuario. Los datos
introducidos por el Usuario en el Formulario de Registro deberán ser exactos, actuales y
veraces en todo momento, el nombre, apellidos, nombre de la empresa, número de
identificación de la empresa del Usuario (CIF / VAT NUMBER). El acceso y uso de la
Aplicación o del área específica del Sitio Web estará́ sujeta una contraseña designada por
el Usuario al rellenar el Formulario de Registro y el acceso se reputará realizado por dicho
Usuario, quien responderá en todo caso de tal acceso y uso. El Usuario será responsable en
todo momento de la custodia de su contraseña, asumiendo, en consecuencia, cualesquiera
daños y perjuicios que pudieran derivarse de su uso indebido, así́ como de la cesión,
revelación o extravío de la misma. En caso de olvido de la contraseña o cualquier otra
circunstancia que suponga un riesgo de acceso y/o utilización por parte de terceros no
autorizados, el Usuario lo comunicará inmediatamente a SPACEPOOLS o ARPOOL SL
a fin de que éstos estos procedan inmediatamente al bloqueo y habiliten la sustitución de
la misma por el propio Usuario. En todo caso, cualesquiera operaciones realizadas antes
de dicha comunicación se reputarán efectuadas por el Usuario, quien será responsable y
pagará los gastos y/o daños que se deriven de cualquier acceso y/o uso no autorizado que
se realice con anterioridad a dicha comunicación. El Usuario tiene en todo momento
constancia de cuáles son los usos realizados de la Aplicación, ya que tiene acceso, a través
de la propia Aplicación, a la información relativa a imágenes tomadas, expedientes
abiertos y demás información relativa al trabajo desarrollado por el Usuario mediante la
Aplicación.

5. Derechos de propiedad intelectual e industrial

El Usuario reconoce y acepta que todos los derechos de propiedad intelectual e industrial
sobre los contenidos y/o cualesquiera otros elementos insertados en la Aplicación y/o
Sitio Web (incluyendo, sin limitación, marcas, logotipos, nombres comerciales, textos,
imágenes, gráficos, diseños, sonidos, bases de datos, software, diagramas de flujo,
presentación, audio y vídeo), pertenecen a ARPOOL SL o a SPACEPOOLS. ARPOOL SL y 
SPACEPOOLS autorizan al Usuario a utilizar, visualizar, imprimir, descargar y
 almacenar los contenidos y/o los elementos insertados en la Aplicación y/o Sitio Web
exclusivamente para su uso en el marco de las relaciones comerciales con SPACEPOOLS y
los clientes del propio Usuario o de SPACEPOOLS, absteniéndose de realizar sobre los
mismos cualquier acto de descompilación, ingeniería inversa, modificación, divulgación o
suministro. Cualquier otro uso o explotación de cualesquiera contenidos y/u otros
elementos insertados en la Aplicación y/o Sitio Web distinto de los aquí́ expresamente
previstos estará sujeto a la autorización previa de  ARPOOL SL y de SPACEPOOLS

6. Protección de datos

Los datos personales (en lo sucesivo, los “Datos”) que el Usuario proporciona por medio
del Formulario de Registro se integrarán en un fichero de datos personales del que es
responsabilidad de ARPOOL SL. ARPOOL SL se compromete a tratar los datos de
carácter personal que pueda recabar en el marco del presente contrato y como
consecuencia de la utilización de la aplicación, únicamente con el fin de prestar los
Servicios. En caso de que para la ejecución de los servicios solicitados el Usuario
proporcione datos de carácter personal de terceras personas a ARPOOL SL, el Usuario
garantiza a ARPOOL SL que éstas han sido informadas con carácter previo a su
inclusión, de los extremos contenidos en la presente cláusula. ARPOOL SL comunicará
a SPACEPOOLS los datos facilitados por el Usuario, cuando sea necesario en el marco de
los servicios contratados, y para gestionar y mantener la relación con el Usuario o
SPACEPOOLS, o cuando sea requerido a tal efecto por cualquier autoridad competente. En
particular, tendrán acceso a los mismos aquellas empresas a las que ARPOOL SL haya
encomendado los servicios de soporte técnico, informático y de gestión, y siempre dentro
del límite necesario para la correcta ejecución de dichos servicios. El Usuario, y los
terceros cuyos datos éste facilite, tienen el derecho a ejercitar en todo momento, en los
términos establecidos por la legislación vigente, sus derechos de acceso, cancelación,
rectificación o supresión de datos, solicitar que se limite el tratamiento, oponerse al
mismo, solicitar la portabilidad de sus datos, así como revocar el consentimiento prestado,
dirigiéndose por escrito a la dirección ARPOOL SL Calle Caspe 37, 2º-1º Barcelona CP:08010, o la dirección
 de correo electrónico info@arpoolvisualizations.com, indicando claramente el derecho que
 desea ejercitar y acompañando su Documento Nacional de Identidad o documento
 identificativo similar que acredite su identidad. Asimismo, podrá presentar una
 reclamación ante la Agencia Española de Protección de Datos. Al suscribir las presentes
 Condiciones Generales de Uso el Usuario acepta la inclusión de sus datos de carácter
 personal en el fichero titularidad de SPACEPOOLS y AR POOL para los fines que resultan
 del presente documento y que han sido citados con anterioridad.

7. Régimen de garantías y de responsabilidad

ARPOOL SL velará por alcanzar la mayor disponibilidad y continuidad posible en el
funcionamiento de la Aplicación y/o Sitio Web. Sin embargo, ello no implica que el Usuario
tenga un derecho a la disponibilidad permanente e ininterrumpida de la Aplicación y/o
Sitio Web. ARPOOL SL adopta diversas medidas de protección para salvaguardar la
Aplicación y/o Sitio Web y los Contenidos de ataques informáticos de terceros. ARPOOL SL 
solamente responderá ante los Usuarios en los casos en los que se produzca un
 daño por una transmisión incorrecta, incompleta o tardía de datos o por la falta de
 disponibilidad de la Aplicación y/o Sitio Web debido a fallas imputables única y
 directamente a ARPOOL SL. Asimismo, si (i) el uso de la Aplicación y/o Sitio Web o (ii)
la transmisión de datos a través de los mismos diera lugar a perjuicios o desperfectos del
hardware o software del Usuario, ARPOOL SL responderá́ de los mismos en tanto en
cuanto se acredite que dichos daños han sido directa y únicamente causados por la
Aplicación y/o Sitio Web. Con la suscripción de las presentes Condiciones Generales de
Uso, el Usuario declara que mantendrá indemne a ARPOOL SL frente a cualquier
reclamación contra la misma, su sociedad matriz, directores, socios, empleados, abogados
y agentes derivada del (i) incumplimiento por parte del Usuario de cualquier disposición
contenida en las presentes Condiciones Generales de Uso o de cualquier ley o regulación
aplicable a las mismas, (ii) del incumplimiento o violación de los derechos de terceros
incluyendo, a título meramente enunciativo, los clientes o potenciales clientes del Usuario,
(iii) de cualquier daño o perjuicio causado por el Usuario en el uso del Servicio a un
tercero y (iv) del incumplimiento del uso permitido de la Aplicación y/o Sitio Web. El
acceso del Usuario a la Aplicación quedará a discreción de SPACEPOOLS. ARPOOL SL
provee al Usuario de un servicio sobre la base de productos de SPACEPOOLS.
SPACEPOOLS podrá aceptar o rechazar el mantenimiento del acceso a la Aplicación al
Usuario en cualquier momento. El Usuario renuncia y exonera a ARPOOL SL de
cualesquiera obligaciones, reclamaciones o daños surgidos como consecuencia de la
relación con SPACEPOOLS. ARPOOL SL no se constituirá́ como parte en cualesquiera
disputas entre el Usuario y SPACEPOOLS. Toda responsabilidad u obligación nacida en
virtud de la relación entre el Usuario y SPACEPOOLS descansa únicamente en el Usuario y
SPACEPOOLS, con todas las implicaciones que ello conlleva.

8. Notificaciones

ARPOOL SL podrá realizar las notificaciones oportunas a través de la Aplicación y/o
Sitio Web, a través de la dirección de correo electrónico facilitada por el Usuario en el
Formulario de Registro, mediante SMS, a través de correo ordinario a la dirección
facilitada por el Usuario en el Formulario de Registro. El Usuario, a su vez podrá cursar
notificaciones a ARPOOL SL a través del Servicio de Asistencia Técnica.

9. Cesión

El Usuario no podrá ceder sus derechos y obligaciones de las presentes Condiciones
Generales de Uso sin el previo consentimiento escrito de ARPOOL SL y de
SPACEPOOLS. ARPOOL SL podrá ceder su posición contractual, sin fines comerciales
distintos a los asumidos en virtud de las presentes Condiciones Generales de Uso, a
cualquier entidad comprendida dentro de su grupo de sociedades, en todo el mundo, así́
como a cualquier persona o entidad que le suceda en el ejercicio de su negocio por
cualesquiera títulos.

10. Ley aplicable y jurisdicción

Las presentes Condiciones Generales de Uso, así como la relación entre ARPOOL SL y
el Usuario, se regirán e interpretarán con arreglo la ley española. De este modo, la
actividad de ARPOOL SL queda sometida, entre otras normas que le resulta aplicables,
a la Ley 34/2002, de 11 de julio, de servicios de la sociedad de la información y de
comercio electrónico. Las partes acuerdan someterse a la jurisdicción exclusiva de los
juzgados y tribunales de la ciudad de Barcelona para la resolución de cualquier
controversia en relación con las presentes Condiciones Generales de Uso o la relación
entre las mismas.""","1. Objet

Les présentes Conditions Générales d'Utilisation régissent l'utilisation de l'application logicielle SPACEPOOLS-AR, personnalisée pour SPACEPOOLS (l'« Application »), et du site web https://arpoolvisualizations.com/, quel que soit son nom actuel ou tout autre nom qu'il pourrait adopter ultérieurement, appartenant à ARPOOL SL, dont le numéro d'identification fiscale (NIF) est B64113509 et le siège social est situé Calle Caspe 37, 2º-1º, Barcelone, code postal : 08010. L'Application et le Site web sont exclusivement destinés aux utilisateurs résidant dans l'Union européenne. Les utilisateurs résidant ou domiciliés ailleurs qui choisissent d'accéder à cette Application et/ou à ce Site web et/ou de les utiliser doivent s'assurer que cet accès et/ou cette utilisation sont conformes à la législation locale applicable. En accédant à cette Application et/ou à ce Site web et en les utilisant, vous (« Utilisateur ») (i) reconnaissez avoir lu et accepté les présentes Conditions Générales d'Utilisation et (ii) vous engagez à respecter l'intégralité de leurs termes et conditions. L’Utilisateur reconnaît et accepte que l’accès à cette Application et/ou à ce Site Web et leur utilisation sont soumis aux Conditions Générales d’Utilisation en vigueur au moment de l’accès.

ARPOOL SL se réserve le droit de modifier les présentes Conditions Générales d’Utilisation, ainsi que toutes autres conditions générales ou particulières applicables. Dans ce cas, l’Utilisateur peut informer SPACEPOOLS ou ARPOOL SL, via le Service d’Assistance Technique, qu’il n’accepte aucune modification des présentes Conditions Générales d’Utilisation.

2. Contenu

Par le biais de l’Application, ARPOOL SL fournit à SPACEPOOLS, et aux Utilisateurs de l’Application désignés par SPACEPOOLS, un programme de réalité augmentée pour appareils mobiles. Ce programme est destiné au secteur de la fabrication, de la distribution et de la construction de piscines, et permet à SPACEPOOLS d’y intégrer ses produits afin de les afficher, selon la sélection du client, à l’emplacement prévu pour la construction ou l’installation de la piscine. Ceci permet aux clients de bénéficier d’un aperçu tridimensionnel sur site du produit ou du service qu’ils envisagent de commander (« Service »). L'Application donne accès à l'Utilisateur à divers contenus, informations et données fournis par SPACEPOOLS et ARPOOL SL en lien avec le Service (le « Contenu »). ARPOOL SL se réserve le droit de modifier à tout moment la présentation, la configuration et l'emplacement de l'Application et/ou du Site Web, ainsi que les conditions d'accès et d'utilisation correspondantes.

Le Contenu fourni par le biais de l'Application et/ou du Site Web peut faire l'objet de mises à jour qui ne sont pas systématiquement reflétées dans l'Application et/ou le Site Web.

ARPOOL SL est le développeur de l'Application et le fournisseur des services nécessaires à son utilisation et à son fonctionnement. Il incombe exclusivement à SPACEPOOLS de s'assurer que les éléments, produits, composants et autres images qu'elle fournit et utilise pour le développement du Service ne sont soumis à aucune restriction d'utilisation indépendante de sa volonté. ARPOOL SL fournit uniquement
à SPACEPOOLS et aux Utilisateurs qu'elle désigne un outil de réalité augmentée,

destiné à faciliter la commercialisation des piscines. L'Utilisateur dégage ARPOOL de toute responsabilité
découlant des éléments fournis par SPACEPOOLS.

Nonobstant ce qui précède, ARPOOL SL déclare et garantit : être une société légalement constituée en Espagne, propriétaire de l'Application et du Code Source, conformément

au Décret Royal Législatif 1/1996 du 12 avril, portant approbation du texte consolidé de la Loi sur la Propriété Intellectuelle, et disposer de la capacité requise

pour céder à ARPOOL les droits d'utilisation de l'Application. L'Application est lisible et utilisable dans sa forme actuelle et est pleinement fonctionnelle, sous réserve de son chiffrement, le cas échéant, pour la protection des droits y afférents. Le développeur assume l'entière responsabilité de l'intégrité et du fonctionnement de l'Application, étant entendu que celle-ci a été développée, au niveau opérationnel, sur des systèmes d'exploitation, des logiciels, des ressources et des modules complémentaires développés par des tiers, et décline par conséquent toute responsabilité quant aux mises à jour, modifications, variations, annulations ou autres changements apportés auxdits éléments. Toutefois, si le ou les systèmes d'exploitation
sur lesquels l'Application est basée deviennent obsolètes, ou si le logiciel,
les ressources ou
les modules d'extension sont abandonnés ou perdent leur
fonctionnalité, ARPOOL SL peut cesser de les mettre à jour et n'est pas tenue de fournir à l'utilisateur une nouvelle version de l'Application adaptée au système d'exploitation, au logiciel, à la ressource ou
au module d'extension qui remplace la version obsolète, sans préjudice de son engagement à faire son
tout son possible pour maintenir le fonctionnement de l'Application. Les mises à jour
seront annoncées à l'avance avec les instructions de téléchargement, et lorsqu'il est prévu
qu'elles puissent empêcher temporairement l'utilisation de l'Application, elles seront effectuées
en dehors des heures ouvrables normales. ARPOOL SL décline toute responsabilité
en cas de limitations d'utilisation, voire d'impossibilité d'utiliser l'Application,
qui pourraient résulter du défaut de mise à jour de l'Application et/ou du système d'exploitation
sous-jacent par l'utilisateur, dès la publication des mises à jour.

3. Accès et utilisation

L'accès à l'Application et/ou au Site Web est réservé aux utilisateurs âgés de plus de 18 ans. L'Utilisateur ne peut pas :

(i) autoriser des tiers à utiliser son compte, ni permettre à des personnes de moins de 18 ans d'accéder à l'Application via son compte ; (ii) permettre à des personnes de moins de 18 ans d'apparaître sur des images prises lors de l'utilisation de l'Application,
sauf si les mineurs sont accompagnés de leur parent ou tuteur légal,

et que ce dernier a donné son autorisation préalable, expresse et écrite. L'Utilisateur reconnaît et accepte que

l'accès à l'Application et/ou au Site Web et leur utilisation sont effectués librement et en toute connaissance de cause, sous sa seule responsabilité. ARPOOL SL ne saurait être tenue responsable, en aucune circonstance, (i) de toute utilisation de l'Application et/ou du Site Web contraire à la loi, aux bonnes mœurs et à l'ordre public, ni (ii) des dommages qui pourraient en résulter. Nonobstant ce qui précède, ARPOOL SL signalera aux autorités compétentes toute utilisation de l'Application et/ou du Site Web de ce type dès qu'elle en aura connaissance. L'Utilisateur s'engage à utiliser l'Application et/ou le Site Web de manière appropriée et licite, conformément à la législation applicable et aux présentes Conditions Générales d'Utilisation. L'Utilisateur s'engage à s'abstenir de : (i) toute utilisation non autorisée ou frauduleuse de l'Application et/ou du Site Web ; (ii) tout accès ou tentative d'accès aux ressources restreintes de l'Application et/ou du Site Web ; (iii) toute utilisation de l'Application et/ou du Site Web à des fins ou pour des effets
illicites, illégaux, contraires aux présentes Conditions Générales d'Utilisation,

portant atteinte aux droits et intérêts de tiers, ou susceptibles d'endommager,

désactiver, surcharger ou empêcher de quelque manière que ce soit l'utilisation ou la jouissance normale de l'Application et/ou du Site Web ; (iv) tout dommage causé à l'Application et/ou au Site Web ou aux systèmes de ses fournisseurs ou
de tiers ; (v) toute introduction ou propagation de virus informatiques ou de tout autre système physique ou logique
susceptible d'endommager les systèmes d'ARPOOL SL, de ses fournisseurs ou de tiers ; (vi) toute tentative d'accès, d'utilisation et/ou
de manipulation des données d'ARPOOL SL, de fournisseurs tiers et d'autres utilisateurs. (vii)

Reproduire, copier, distribuer, transformer ou modifier le Contenu, ou en permettre l'accès à des tiers par quelque moyen de communication publique que ce soit,

sauf autorisation du titulaire des droits correspondants ou autorisation légale ; (viii) Obtenir ou tenter d'obtenir le contenu par des moyens ou des procédures autres que ceux mis à disposition à cette fin. L'Utilisateur ne peut accéder à l'Application et/ou au Site Web que par des moyens autorisés. ARPOOL SL décline toute responsabilité si l'Utilisateur ne dispose pas d'un appareil compatible ou a téléchargé une version de l'Application incompatible avec son appareil. Chaque Utilisateur ne peut lier qu'un seul appareil à son compte ; par conséquent, ARPOOL SL collecte le numéro d'identification de l'appareil sur lequel l'Application est téléchargée. La migration de l'Application vers un autre appareil, avec suppression de l'appareil précédent, est autorisée, dans la limite de 3 migrations par année civile, afin de couvrir les éventualités telles que le remplacement de l'appareil lié à l'Application en cas de perte, de vol, de dommage ou simplement de remplacement par un nouvel appareil. Pour son bon fonctionnement et sa maintenance, l'Application nécessite une connexion Internet. Bien que l'application puisse être utilisée occasionnellement sans la connexion mentionnée précédemment, il est expressément conseillé de noter que son fonctionnement peut être affecté, voire interrompu, en cas de déconnexion prolongée.

ATTENTION ! Étant donné qu'ARPOOL SL génère des images de réalité augmentée via l'appareil sur lequel l'application est exécutée, certains éléments de l'environnement peuvent être masqués par ces images. Par conséquent, l'utilisateur doit éviter de se déplacer dans la zone de génération des images de réalité augmentée en utilisant l'application comme guide, et doit maintenir une vigilance constante pour se déplacer et interagir avec l'environnement en toute sécurité.

ARPOOL 3D SL décline toute responsabilité pour les dommages pouvant résulter d'une utilisation non conforme aux instructions ci-dessus.

4. Conditions supplémentaires d'accès et d'utilisation

L'accès à l'application est soumis à l'inscription préalable de l'utilisateur via le formulaire d'inscription qui lui sera communiqué au préalable. SPACEPOOLS et ARPOOL SL se réservent le droit d'accepter ou de refuser toute demande d'inscription. Les données saisies par l'Utilisateur dans le Formulaire d'Inscription doivent être exactes, à jour et véridiques en permanence, notamment ses nom, prénom, raison sociale et numéro d'identification de l'entreprise (numéro CIF/TVA). L'accès à l'Application ou à la zone spécifique du Site Web, ainsi que leur utilisation, sont soumis à un mot de passe défini par l'Utilisateur lors de son inscription. L'accès est réputé avoir été effectué par ledit Utilisateur, qui en est pleinement responsable. L'Utilisateur est responsable de la protection de son mot de passe et est donc tenu responsable de tout dommage résultant de son utilisation abusive, de sa transmission, de sa divulgation ou de sa perte. En cas d'oubli de son mot de passe ou de toute autre circonstance présentant un risque d'accès et/ou d'utilisation par des tiers non autorisés, l'Utilisateur doit en informer immédiatement SPACEPOOLS ou ARPOOL SL afin que ces derniers puissent bloquer le mot de passe et permettre à l'Utilisateur de le remplacer. En tout état de cause, toute transaction effectuée avant cette notification sera réputée avoir été effectuée par l'Utilisateur, qui sera responsable et devra payer tous les coûts et/ou dommages résultant d'un accès et/ou d'une utilisation non autorisés survenus avant ladite notification. L'Utilisateur est informé en permanence de l'utilisation de l'Application, car il a accès, via l'Application elle-même, aux informations concernant les images prises, les fichiers ouverts et autres informations relatives au travail effectué par l'Utilisateur à l'aide de l'Application.

5. Droits de propriété intellectuelle et industrielle

L'Utilisateur reconnaît et accepte que tous les droits de propriété intellectuelle et industrielle relatifs au contenu et/ou à tout autre élément inclus dans l'Application et/ou le Site Web (y compris, sans limitation, les marques, logos, dénominations commerciales, textes, images, graphismes, designs, sons, bases de données, logiciels, organigrammes, présentations, fichiers audio et vidéo) appartiennent à ARPOOL SL ou SPACEPOOLS. ARPOOL SL et
SPACEPOOLS autorisent l'Utilisateur à utiliser, consulter, imprimer, télécharger et
stocker le contenu et/ou les éléments inclus dans l'Application et/ou le Site Web
exclusivement dans le cadre de ses relations commerciales avec
SPACEPOOLS et les clients de l'Utilisateur ou de SPACEPOOLS, à condition de s'abstenir de tout acte de
décompilation, d'ingénierie inverse, de modification, de divulgation ou de
distribution de ces éléments. Toute autre utilisation ou exploitation du contenu et/ou des autres
éléments inclus dans l'Application et/ou le Site Web, autre que celles expressément
prévues aux présentes, est soumise à l'autorisation préalable d'ARPOOL SL et de
SPACEPOOLS.

6. Protection des données

Les données personnelles (ci-après, les « Données ») que l'Utilisateur fournit via
le Formulaire d'inscription seront intégrées dans un fichier de données personnelles dont ARPOOL SL est
responsable. ARPOOL SL s'engage à traiter les données personnelles qu'elle peut collecter dans le cadre du présent contrat et du fait de l'utilisation de l'application, uniquement aux fins de la fourniture des Services. Si, pour l'exécution des services demandés, l'Utilisateur fournit à ARPOOL SL des données personnelles de tiers, il garantit à ARPOOL SL que ces tiers ont été informés, préalablement à leur inclusion, des informations contenues dans la présente clause. ARPOOL SL communiquera les données fournies par l'Utilisateur à SPACEPOOLS lorsque cela s'avère nécessaire dans le cadre des services contractuels, pour gérer et maintenir la relation avec l'Utilisateur ou SPACEPOOLS, ou lorsque toute autorité compétente l'exige. En particulier, les sociétés auxquelles ARPOOL SL a confié des services de support technique, informatique et de gestion auront accès à ces données, et ce, toujours dans les limites nécessaires à la bonne exécution desdits services. L’Utilisateur, ainsi que toute tierce partie dont elle fournit les données, dispose du droit d’exercer à tout moment, conformément à la législation en vigueur, ses droits d’accès, d’effacement, de rectification ou de suppression des données, de demander la limitation du traitement, de s’y opposer, d’en demander la portabilité, et de retirer son consentement, en écrivant à ARPOOL SL, Calle Caspe 37, 2º-1º, Barcelone, CP : 08010, ou à l’adresse électronique info@arpoolvisualizations.com, en indiquant clairement le droit qu’il souhaite exercer et en joignant sa carte nationale d’identité ou tout autre document d’identité équivalent. Il peut également déposer une plainte auprès de l’Agence espagnole de protection des données.

En souscrivant aux présentes Conditions générales d’utilisation,

l’Utilisateur accepte l’intégration de ses données personnelles dans le fichier détenu par SPACEPOOLS et AR POOL aux fins énoncées dans le présent document et mentionnées précédemment.

7. Garantie et régime de responsabilité

ARPOOL SL s'efforcera d'assurer la plus grande disponibilité et continuité de fonctionnement possible de l'Application et/ou du Site Web. Cependant, cela n'implique pas que l'Utilisateur ait droit à une disponibilité permanente et ininterrompue de l'Application et/ou du Site Web. ARPOOL SL met en œuvre diverses mesures de sécurité pour protéger l'Application et/ou le Site Web et leur Contenu contre les cyberattaques de tiers. La responsabilité d'ARPOOL SL envers les Utilisateurs ne sera engagée qu'en cas de dommages résultant d'une transmission de données incorrecte, incomplète ou retardée, ou de l'indisponibilité de l'Application et/ou du Site Web due à des défaillances imputables exclusivement et directement à ARPOOL SL. De plus, si (i) l'utilisation de l'Application et/ou du Site Web ou (ii)

la transmission de données par leur intermédiaire entraîne des dommages ou des dysfonctionnements du
matériel ou des logiciels de l'Utilisateur,

la responsabilité d'ARPOOL SL sera engagée dans la mesure où

il est prouvé que ces dommages ont été directement et exclusivement causés par l'
Application et/ou le Site Web. En acceptant les présentes Conditions Générales d'Utilisation, l'Utilisateur s'engage à indemniser et à dégager de toute responsabilité ARPOOL SL contre toute réclamation formulée à son encontre, ainsi que contre sa société mère, ses administrateurs, associés, employés, avocats et agents, et découlant (i) du non-respect par l'Utilisateur de toute disposition des présentes Conditions Générales d'Utilisation ou de toute loi ou réglementation applicable, (ii) de l'atteinte ou de la violation des droits de tiers, notamment des clients ou clients potentiels de l'Utilisateur, (iii) de tout dommage ou préjudice causé par l'Utilisateur à un tiers dans le cadre de l'utilisation du Service, et (iv) du non-respect par l'Utilisateur des conditions d'utilisation de l'Application et/ou du Site Web. L'accès de l'Utilisateur à l'Application est soumis à l'entière discrétion de SPACEPOOLS. ARPOOL SL fournit à l'Utilisateur un service basé sur les produits SPACEPOOLS. SPACEPOOLS peut accepter ou refuser l'accès de l'Utilisateur à l'Application à tout moment. L'Utilisateur renonce à toute réclamation, obligation ou préjudice à l'encontre d'ARPOOL SL découlant de sa relation avec SPACEPOOLS. ARPOOL SL ne sera pas partie à tout litige entre l'Utilisateur et SPACEPOOLS. L'ensemble des responsabilités et obligations découlant de la relation entre l'Utilisateur et SPACEPOOLS incombent exclusivement à l'Utilisateur et à SPACEPOOLS, avec toutes les conséquences que cela implique.

8. Notifications

ARPOOL SL peut envoyer des notifications appropriées via l'Application et/ou le Site Web, à l'adresse électronique fournie par l'Utilisateur dans le Formulaire d'inscription, par SMS ou par courrier postal à l'adresse fournie par l'Utilisateur dans le Formulaire d'inscription. L'Utilisateur peut également adresser des notifications à ARPOOL SL via le Service d'assistance technique.

9. Cession

L'Utilisateur ne peut céder ses droits et obligations au titre des présentes Conditions Générales d'Utilisation sans l'accord écrit préalable d'ARPOOL SL et de SPACEPOOLS. ARPOOL SL peut céder sa position contractuelle, à des fins non commerciales autres que celles assumées en vertu des présentes Conditions Générales d'Utilisation, à toute entité de son groupe dans le monde entier, ainsi qu'à toute personne ou entité qui lui succède dans l'exploitation de son activité, pour quelque raison que ce soit.

10. Droit applicable et juridiction compétente

Les présentes Conditions Générales d'Utilisation, ainsi que la relation entre ARPOOL SL et l'Utilisateur, sont régies par le droit espagnol et interprétées conformément à celui-ci. Les activités d'ARPOOL SL sont donc soumises, entre autres dispositions applicables, à la loi 34/2002 du 11 juillet relative aux services de la société de l'information et au commerce électronique. Les parties conviennent de se soumettre à la compétence exclusive des tribunaux de la ville de Barcelone pour tout litige relatif aux présentes Conditions Générales d'Utilisation ou à leur relation.","1. Purpose

These General Terms of Use govern the use of the SPACEPOOLS-AR software application, customized for SPACEPOOLS (the “Application”), and the website https://arpoolvisualizations.com/, whether under its current name or any other name it may adopt in the future, belonging to ARPOOL SL, with Tax Identification Number (NIF) B64113509 and registered office at Calle Caspe 37, 2º-1º, Barcelona, ​​Postal Code: 08010. The Application and the Website are intended exclusively for users residing in the European Union. Users residing or domiciled elsewhere who choose to access and/or use this Application and/or Website must ensure that such access and/or use complies with applicable local law. By accessing and using this Application and/or Website, you (“User”) (i) acknowledge that you have read and accepted these General Terms of Use and (ii) agree to comply with all of their terms and conditions. Furthermore, the User acknowledges and accepts that access to and use of this Application and/or Website will be subject to the General Terms of Use in effect at the time of access.
ARPOOL SL reserves the right to modify these General Terms of Use, as well as any other applicable general or specific terms and conditions. In such a case, the User may notify SPACEPOOLS or ARPOOL SL, through the Technical Support Service, that they do not accept any modification of these General Terms of Use.

2. Content

Through the Application, ARPOOL SL provides SPACEPOOLS, and the Application Users designated by SPACEPOOLS, with an augmented reality program for use on mobile devices. This program is geared towards the pool manufacturing, distribution, and construction sector, and allows SPACEPOOLS to upload its products to the application to display them, based on the customer's selection, at the location planned for the pool's construction or installation. This leverages the advantages of offering customers an on-site, three-dimensional preview of the product or service they intend to order (""Service""). The Application provides the User with access to various content, information, and data provided by SPACEPOOLS and ARPOOL SL in relation to the Service (the “Content”). ARPOOL SL reserves the right to modify the presentation, configuration, and location of the Application and/or Website, as well as the corresponding access and usage conditions, at any time.
The Content provided through the Application and/or Website may be subject to updates that are not reflected in the Application and/or Website at all times.
ARPOOL SL acts as the developer of the Application and provider of the services necessary for its use and operation. It is the sole responsibility of SPACEPOOLS to ensure that the elements, products, components, and other images provided by it and used for the development of the Service are not subject to limitations on their use that are beyond SPACEPOOLS' control. ARPOOL SL only provides
SPACEPOOLS and the Users it designates with an augmented reality tool,
aimed at facilitating the marketing of swimming pools. The User releases ARPOOL from
any liability arising from the elements provided by SPACEPOOLS.

Notwithstanding the foregoing, ARPOOL SL represents and warrants that: It is a legally incorporated company in Spain, owns the Application and the Source Code, as defined
in Royal Legislative Decree 1/1996, of April 12, which approves the consolidated text of the Intellectual Property Law, and has the necessary capacity
to assign the rights to use the Application to ARPOOL. The Application is readable and usable in its current form, and is fully functional, without prejudice to its encryption, if applicable, for the protection of rights thereto. The developer assumes full responsibility for the integrity and functionality of the Application, noting that the Application has been developed, at the operational level, on operating systems, software, assets, and plug-ins developed by third parties, and therefore bears no responsibility for updates, modifications, variations, cancellations, or any other type of change to the aforementioned elements. However, if the operating system or operating systems
on which the Application is based become obsolete, or if the software,
assets, or
plug-ins are discontinued or otherwise lose their
operational capability, ARPOOL SL may cease updating them and is not obligated to provide the
user with a new version of the Application adapted to the operating system, software, asset, or
plug-in that replaces the obsolete one, without prejudice to its commitment to make its
best efforts to maintain the Application's operability. Updates
will be announced in advance with download instructions, and when it is anticipated
that they may temporarily prevent the use of the Application, they will be carried out
outside of normal business hours. ARPOOL SL assumes no responsibility
whatsoever for limitations in the use or even the impossibility of using the Application that
may arise from the User's failure to update the Application and/or the operating system that
underlies the Application as updates are released.

3. Access and Use

Access to the Application and/or Website is restricted to users over 18 years of age. The User may not
(i) authorize third parties to use their account, nor may they allow individuals under
18 years of age to access the Application through their account; nor (ii) may they allow individuals under 18 years of age to appear in images taken while using the
Application, unless the minors are accompanied by their parent/guardian
and the parent/guardian has given prior, express, and written authorization. The User acknowledges and accepts that
access to and use of the Application and/or Website is undertaken freely and consciously, under their
sole responsibility. ARPOOL SL shall not be liable under any circumstances for (i) any use of the Application and/or Website that is contrary to law, morality, good customs, and public order, nor for (ii) any damages that may arise therefrom. Notwithstanding the foregoing, ARPOOL SL will report any such use of its Application and/or Website to the authorities as soon as it becomes aware of it. The User agrees to make proper and lawful use of the Application and/or Website in accordance with applicable law and these General Terms of Use. The User shall refrain from (i) making unauthorized or fraudulent use of the Application and/or Website; (ii) accessing or attempting to access restricted resources of the Application and/or Website; (iii) use the Application and/or Website for purposes or effects that are
illicit, illegal, contrary to these General Terms of Use,
infringing upon the rights and interests of third parties, or that may in any way damage,
disable, or overload or prevent the normal use or enjoyment of the Application and/or Website; (iv) cause damage to the Application and/or Website or to the systems of its suppliers or
third parties; (v) introduce or spread computer viruses or any
other physical or logical systems that may cause damage to the systems of
ARPOOL SL, its suppliers, or third parties; (vi) attempt to access, use, and/or
manipulate the data of ARPOOL SL, third-party suppliers, and other users; (vii)
reproduce, copy, distribute, transform, or modify the Content, or allow access to
third parties through any means of public communication, unless authorized by the holder of the corresponding rights or legally
permitted; (viii) obtain or attempt to obtain the content using means or procedures other than those made available for this purpose. The User may only access the Application and/or Website through authorized means. ARPOOL SL will not be liable if the User does not have a compatible device or has downloaded a version of the Application incompatible with their device. Each User will only have one device linked to their account; therefore, ARPOOL SL will collect the identification number of the device on which the Application is downloaded. Migration of the Application to another device, with deletion of the previous one, will be permitted, with a maximum of 3 migrations per calendar year, to cover eventualities such as replacement of the device linked to the Application due to loss, theft, damage, or simply replacement with a new device. The Application, for its proper use and maintenance, must have an internet connection. While it can be used occasionally without the aforementioned connection, it is expressly advised that the service and operation of the Application may be affected and even interrupted if it remains offline for extended periods.

ATTENTION! Since ARPOOL SL generates augmented reality images through the device on which the Application is running, some elements of the environment may be obscured by the augmented reality images. Consequently, the User must avoid moving around the area where the augmented reality images are being generated, using the Application as a guide, and must maintain the necessary level of attention to move and interact safely and without danger with the environment.
ARPOOL 3D SL assumes no responsibility for any damages that may arise as a result of use that disregards the above instructions.

4. Additional Conditions for Access and Use

Access to the Application will be subject in all cases to prior User registration by completing the corresponding form (“Registration Form”), which will be provided to the User beforehand. SPACEPOOLS and ARPOOL SL reserve the right to freely accept or reject the User's registration request. The data entered by the User in the Registration Form must be accurate, current, and truthful at all times, including the User's name, surname, company name, and company identification number (CIF/VAT number). Access to and use of the Application or the specific area of ​​the Website will be subject to a password designated by the User when completing the Registration Form, and access will be deemed to have been made by said User, who will be responsible in all cases for such access and use. The User shall be responsible at all times for safeguarding their password, and shall therefore be liable for any damages that may arise from its misuse, as well as from its transfer, disclosure, or loss. In the event of a forgotten password or any other circumstance that poses a risk of access and/or use by unauthorized third parties, the User shall immediately notify SPACEPOOLS or ARPOOL SL so that they may immediately block the password and enable the User to replace it. In any case, any transactions carried out before such notification shall be deemed to have been carried out by the User, who shall be responsible for and pay any costs and/or damages arising from any unauthorized access and/or use that occurs prior to such notification. The User is always aware of how the Application is being used, as they have access, through the Application itself, to information regarding images taken, open files, and other information related to the work performed by the User using the Application.

5. Intellectual and Industrial Property Rights

The User acknowledges and accepts that all intellectual and industrial property rights to the content and/or any other elements included in the Application and/or Website (including, without limitation, trademarks, logos, trade names, text, images, graphics, designs, sounds, databases, software, flowcharts, presentation, audio, and video) belong to ARPOOL SL or SPACEPOOLS. ARPOOL SL and
SPACEPOOLS authorize the User to use, view, print, download, and
store the content and/or elements included in the Application and/or Website
exclusively for use within the framework of business relationships with
SPACEPOOLS and the User's or SPACEPOOLS' clients, refraining from performing any act of
decompilation, reverse engineering, modification, disclosure, or
distribution thereof. Any other use or exploitation of any content and/or other
elements included in the Application and/or Website other than those expressly
provided for herein shall be subject to the prior authorization of ARPOOL SL and
SPACEPOOLS.

6. Data Protection

The personal data (hereinafter, the “Data”) that the User provides through
the Registration Form will be incorporated into a personal data file for which ARPOOL SL is
responsible. ARPOOL SL undertakes to process the personal data it may collect within the framework of this contract and as a result of the use of the application, solely for the purpose of providing the Services. If, for the execution of the requested services, the User provides personal data of third parties to ARPOOL SL, the User guarantees to ARPOOL SL that these third parties have been informed, prior to their inclusion, of the information contained in this clause. ARPOOL SL will communicate the data provided by the User to SPACEPOOLS when necessary within the framework of the contracted services, and to manage and maintain the relationship with the User or SPACEPOOLS, or when required to do so by any competent authority. In particular, those companies to which ARPOOL SL has entrusted technical, IT, and management support services will have access to this data, and always within the limits necessary for the proper execution of said services. The User, and any third parties whose data they provide, have the right to exercise at any time, under the terms established by current legislation, their rights of access, cancellation, rectification, or erasure of data, to request the restriction of processing, to object to processing, to request data portability, as well as to revoke the consent given, by writing to ARPOOL SL, Calle Caspe 37, 2º-1º, Barcelona, ​​CP: 08010, or to the email address info@arpoolvisualizations.com, clearly indicating the right they wish to exercise and attaching their National Identity Document or similar identification document that proves their identity. They may also file a complaint with the Spanish Data Protection Agency. By subscribing to these
General Terms of Use, the User accepts the inclusion of their personal data in the file owned by SPACEPOOLS and AR POOL for the purposes set forth in this document and previously mentioned.

7. Warranty and Liability Regime

ARPOOL SL will strive to achieve the greatest possible availability and continuity in the operation of the Application and/or Website. However, this does not imply that the User has a right to the permanent and uninterrupted availability of the Application and/or Website. ARPOOL SL adopts various security measures to safeguard the Application and/or Website and its Content from cyberattacks by third parties. ARPOOL SL will only be liable to Users in cases where damage occurs due to incorrect, incomplete, or delayed data transmission or the unavailability of the Application and/or Website due to failures attributable solely and directly to ARPOOL SL. Furthermore, if (i) the use of the Application and/or Website or (ii)
the transmission of data through them results in damage or defects to the User's
hardware or software, ARPOOL SL will be liable for them insofar as
it is proven that such damages have been directly and solely caused by the
Application and/or Website. By agreeing to these General Terms of Use, the User agrees to indemnify and hold harmless ARPOOL SL from any claim against it, its parent company, directors, partners, employees, attorneys, and agents arising from (i) the User's breach of any provision contained in these General Terms of Use or any applicable law or regulation, (ii) the infringement or violation of the rights of third parties, including, but not limited to, the User's clients or potential clients, (iii) any damage or harm caused by the User to a third party in the use of the Service, and (iv) the User's failure to comply with the permitted use of the Application and/or Website. The User's access to the Application is at the sole discretion of SPACEPOOLS. ARPOOL SL provides the User with a service based on SPACEPOOLS products. SPACEPOOLS may accept or reject the User's continued access to the Application at any time. The User waives and releases ARPOOL SL from any and all obligations, claims, or damages arising from the relationship with SPACEPOOLS. ARPOOL SL will not be a party to any disputes between the User and SPACEPOOLS. All liability or obligation arising from the relationship between the User and SPACEPOOLS rests solely with the User and SPACEPOOLS, with all the implications this entails.

8. Notifications

ARPOOL SL may send appropriate notifications through the Application and/or Website, via the email address provided by the User in the Registration Form, via SMS, or via regular mail to the address provided by the User in the Registration Form. The User may also send notifications to ARPOOL SL through the Technical Support Service.

9. Assignment

The User may not assign their rights and obligations under these General Terms of Use without the prior written consent of ARPOOL SL and SPACEPOOLS. ARPOOL SL may assign its contractual position, for non-commercial purposes other than those assumed under these General Terms of Use, to any entity within its group of companies worldwide, as well as to any person or entity that succeeds it in the operation of its business for any reason.

10. Applicable Law and Jurisdiction

These General Terms of Use, as well as the relationship between ARPOOL SL and the User, shall be governed by and construed in accordance with Spanish law. Thus, ARPOOL SL's activities are subject, among other applicable regulations, to Law 34/2002 of July 11, on Information Society Services and Electronic Commerce. The parties agree to submit to the exclusive jurisdiction of the courts of the city of Barcelona for the resolution of any dispute relating to these General Terms of Use or the relationship between them."
Login.Terms&Conditions.Descrip,Lee y acepte los terminos y las condiciones para continuar,Veuillez lire et accepter les conditions générales pour continuer.,Read and accept the terms and conditions to continue
Login.Settings.MovileMode,Modo móvil,Mode mobile,Mobile mode
Login.Settings.HelpMode,Modo ayuda,Mode d'aide,Help mode
Login.Settings.RestartTutorial.Text,Hacer tutorial,Créer un tutoriel,Create a tutorial
Login.Settings.RestartTutorial.Button,Reiniciar,Redémarrage,Reboot
,,,
,,,
,,,
ScreenshootAndShare.Photo.Title,Fotografía - CovAR,Photo - CovAR,Photograph - CovAR
ScreenshootAndShare.Photo.Descrip,Esta fotografía sacada con la aplicación  de CovAR.,Cette photographie a été prise à l'aide de l'application CovAR.,This photograph was taken using the CovAR application.
ScreenshootAndShare.Blueprint.Title,Plano técnico,dessin technique,Technical drawing
ScreenshootAndShare.Blueprint.Descrip,Este plano técnico ha sido generado con la aplicación  de CovAR.,Ce dessin technique a été généré à l'aide de l'application CovAR.,This technical drawing was generated using the CovAR application.
,,,
,,,
,,,
Tutorial.Button.Continue,Siguiente,Suivant,Next
Tutorial.Button.Previous,Anterior,Ancien,Previous
Tutorial.Button.Finalizar,Finalizar,Finition,Previous
Tutorial.Info0.Title,Bienvenido a CovAR,Bienvenue sur CovAR,Welcome to CovAR
Tutorial.Info0.Descrip,Siga este tutorial paso a paso para conocer las principales funcionalidades de la app.,Suivez ce tutoriel étape par étape pour découvrir les principales fonctionnalités de l'application.,Follow this step-by-step tutorial to learn about the app's main features.
Tutorial.Info1.Title,Colocar cubierta,Place cover,Place cover
Tutorial.Info1.Descrip,"Para colocar la cubierta en el espacio, apunte al suelo hasta que aparezca la marca y pulse sobre la pantalla.","Pour placer le couvercle dans l'espace, pointez-le vers le sol jusqu'à ce que la marque apparaisse, puis appuyez sur l'écran.","To place the cover in space, point it at the floor until the mark appears and tap the screen."
Tutorial.Info2.Title,Interfaz de CovAR,Interface CovAR,CovAR Interface
Tutorial.Info2.Descrip,"La interfaz de CovAR se divide en dos columnas, cada una con distintas opciones de uso.","L'interface de CovAR est divisée en deux colonnes, chacune offrant des options d'utilisation différentes.","The CovAR interface is divided into two columns, each with different usage options."
Tutorial.Info3.Title,Columna izquierda,Colonne de gauche,Left column
Tutorial.Info3.Descrip,"Permite manipular la cubierta: moverla, rotarla, modificar su longitud, desplegar la persiana y abrir el plano técnico.","Il permet de manipuler la couverture : la déplacer, la faire pivoter, modifier sa longueur, déployer le store et ouvrir le plan technique.","It allows you to manipulate the cover: move it, rotate it, modify its length, deploy the blind and open the technical plan."
Tutorial.Info4.Title,Columna derecha,Colonne de droite,Right column
Tutorial.Info4.Descrip,"Permite abrir el catálogo, acceder a la cámara y crear una piscina de ejemplo.","Il vous permet d'ouvrir le catalogue, d'accéder à la caméra et de créer un échantillon.","It allows you to open the catalog, access the camera, and create a sample pool."
Tutorial.Info5.Title,Mover modelo,Déplacer le modèle,Move model
Tutorial.Info5.Descrip,Pulse el botón de movimiento y desplace con el dedo el modelo de cubierta por la pantalla de su dispositivo.,Appuyez sur le bouton de déplacement et faites glisser le modèle de couverture sur l'écran de votre appareil avec votre doigt.,Press the move button and drag the cover template across your device's screen with your finger.
Tutorial.Info6.Title,Rotar objeto,Faire pivoter l'objet,Rotate object
Tutorial.Info6.Descrip,Pulse el botón de rotación y desplace el dedo por la barra inferior para girar el modelo.,Appuyez sur le bouton de rotation et faites glisser votre doigt le long de la barre inférieure pour faire pivoter le modèle.,Press the rotation button and slide your finger along the bottom bar to rotate the model.
Tutorial.Info7.Title,Longitud de la cubierta,Longueur de couverture,Cover length
Tutorial.Info7.Descrip,"Use el botón de longitud y utilice la barra inferior para modificar el tamaño de la cubierta. Para un ajuste más preciso, use los botones “+” y “-”.","Utilisez le bouton de longueur et la barre inférieure pour ajuster la taille de la couverture. Pour un réglage plus précis, utilisez les boutons « + » et « - ».","Use the length button and the bottom bar to adjust the cover size. For more precise adjustment, use the ""+"" and ""-"" buttons."
Tutorial.Info8.Title,Desplegar persiana,Étendre l'aveuglement,Extend blind
Tutorial.Info8.Descrip,"Pulse el botón de despliegue de la persiana y modifique su longitud con la barra inferior. Para un ajuste más preciso, use los botones “+” y “-”.","Appuyez sur le déclencheur et ajustez la longueur du déclenchement à l'aide de la barre inférieure. Pour un réglage plus précis, utilisez les boutons « + » et « - ».","Press the shutter release button and adjust its length using the bottom bar. For more precise adjustment, use the “+” and “-” buttons."
Tutorial.Info9.Title,Catálogo,Catalogue,Catalog
Tutorial.Info9.Descrip,"Desde el catálogo puede seleccionar modelos de cubierta, cambiar colores de soportes o revestimientos y escoger distintos modelos de lamas. Pulse el botón del catálogo.","Dans le catalogue, vous pouvez sélectionner des modèles de toiture, modifier les couleurs des supports ou du bardage et choisir différents modèles de lames. Cliquez sur le bouton Catalogue.","From the catalog, you can select roofing models, change the colors of supports or cladding, and choose different slat models. Click the catalog button."
Tutorial.Info10.Descrip,"En la parte superior del catalogo, encontrará el selector de productos. Puede escoger entre cubiertas exteriores, cubiertas sumergidas, modelos con revestimiento o edición de lamas. Seleccione la opcion de ""Bancos y revestimientos"".","En haut du catalogue, vous trouverez le sélecteur de produits. Vous pouvez choisir parmi les couvertures extérieures, les couvertures immergées, les modèles de bardage ou les options à lattes. Sélectionnez l'option « Bancs et bardage ».","At the top of the catalog, you'll find the product selector. You can choose from exterior covers, submerged covers, cladding models, or slatted options. Select the ""Benches and Cladding"" option."
Tutorial.Info11.Descrip,En este apartado se puede visualizar y seleccionar los diferentes modelos asociados a cada producto. Escoja uno diferente.,"Dans cette section, vous pouvez consulter et sélectionner les différents modèles associés à chaque produit. Choisissez-en un autre.",In this section you can view and select the different models associated with each product. Choose a different one.
Tutorial.Info12.Descrip,"Por último, puede cambiar el material o color de los soportes, revestimientos o lamas. Cambie el color actual por uno diferente.","Enfin, vous pouvez modifier le matériau ou la couleur des supports, des revêtements ou des lattes. Changez la couleur actuelle.","Finally, you can change the material or color of the supports, coverings, or slats. Change the current color to a different one."
Tutorial.Info13.Title,Crear piscina,Créer une piscine,Create a swimming pool
Tutorial.Info13.Descrip,Pulse el botón de piscina para crear una piscina de ejemplo. Pulse de nuevo el botón para ocultarla. Atención: esta opción puede alterar las medidas presentes del modelo ya definido.,Cliquez sur le bouton « Piscine » pour créer une piscine d’exemple. Cliquez à nouveau pour la masquer. Remarque : cette option peut modifier les dimensions existantes du modèle défini.,Click the pool button to create a sample pool. Click the button again to hide it. Note: This option may alter the existing dimensions of the defined model.
Tutorial.Info14.Title,Cámara,Caméra,Camera
Tutorial.Info14.Descrip,Este botón permite abrir la cámara para fotografiar y compartir la cubierta. Esta opción se desbloqueará al finalizar el tutorial.,Ce bouton ouvre l'appareil photo pour prendre une photo et partager la couverture. Cette option sera débloquée une fois le tutoriel terminé.,This button opens the camera to take a picture and share the cover. This option will be unlocked after completing the tutorial.
Tutorial.Info15.Title,Plano técnico,dessin technique,Technical drawing
Tutorial.Info15.Descrip,"Para finalizar, pulse el botón del plano técnico.","Enfin, appuyez sur le bouton de dessin technique.","Finally, press the technical drawing button."
Tutorial.Info16.Descrip,Debe rellenar la información solicitada antes de acceder al plano técnico.,Vous devez renseigner les informations demandées avant d'accéder au plan technique.,You must fill in the requested information before accessing the technical plan.
Tutorial.Info17.Descrip,Visualize de manera organizada y fácil toda la información sobre el proyecto que ha creado. También puede editar diferentes campos para complementar los elementos asociados a la cubierta,Consultez facilement et de manière organisée toutes les informations relatives au projet que vous avez créé. Vous pouvez également modifier différents champs pour ajouter des détails sur la toiture.,Easily view all the information about the project you've created in an organized way. You can also edit different fields to add details about the roof.
Tutorial.Info18.Title,Fin del tutorial,Fin du tutoriel,End of tutorial
Tutorial.Info18.Descrip,"Si tiene alguna duda, puede repetir este tutorial siempre que quiera desde el apartado de ""Reniciar tutorial"" en opciones. Pulse “Siguiente” o cierre el tutorial para pasar al modo de manipulación libre.","Si vous avez des questions, vous pouvez répéter ce tutoriel autant de fois que vous le souhaitez depuis la section « Recommencer le tutoriel » des options. Appuyez sur « Suivant » ou fermez le tutoriel pour passer en mode de manipulation libre.","If you have any questions, you can repeat this tutorial as often as you like from the ""Restart Tutorial"" section in the options. Press ""Next"" or close the tutorial to enter free manipulation mode."